capture,fixation_index,n,S1_mean_px,S1_median_px,S1_std_px
1,0,3490,446.8683044958251,446.80865478515625,0.40216805259684113
1,1,4000,446.39583555603025,446.43475341796875,0.17072505313645872
1,2,3840,446.1987847805023,446.1285400390625,0.5820130371161362
1,3,3840,445.0628340880076,445.01068115234375,0.20005828857336405
1,4,4475,445.1752580798272,445.3018798828125,0.5737658042617837
2,5,3680,448.9998945319134,449.05189514160156,0.3199224642956752
2,6,4000,447.0697079467773,447.0947570800781,0.20104847919256472
2,7,3920,447.34064601976047,447.37921142578125,0.1784842772620589
2,8,3920,445.69046898666693,445.7187805175781,0.2355684573763009
2,9,4076,446.6273486405991,446.6124267578125,0.22302280833184832
3,10,3616,449.156848755558,449.05335998535156,0.47806228201477147
3,11,3913,447.1423561491992,447.1243896484375,0.13654655597113594
3,12,3998,445.7967381670572,445.76556396484375,0.10827120929059075
3,13,3758,445.05039749835765,445.05908203125,0.22109974732025064
3,14,4160,445.90255477611834,445.9393310546875,0.26570713641220156
4,15,3798,449.31321048585914,449.32044982910156,0.26339299608075567
4,16,3840,447.042629814148,447.1404113769531,0.30692121622449936
4,17,4080,445.85349263209923,445.8451843261719,0.10680630146153763
4,18,3920,444.92552006001375,444.940673828125,0.12454590581534246
4,19,3432,446.13079585006466,446.1309814453125,0.09049182359608939
