case,fixation_index,training_support,nominal_theta_deg,nominal_A_D,theta_mean_deg,A_mean_D,theta_sd_deg,A_sd_D,theta_mean_change_from_source_deg,A_mean_change_from_source_D
H0_anchor0p5,0,True,-15.0,0.36036036036036034,-15.180971089964714,0.35806682526667855,0.3808191654584388,0.037158711786428725,-2.0850491112315846e-05,-7.570709181436946e-06
H0_anchor0p5,1,True,-7.5,0.36036036036036034,-7.559257136398064,0.34158519603262844,0.29729594954861843,0.05334313656437266,7.34216730538082e-05,-2.902846340747804e-05
H0_anchor0p5,2,True,0.0,0.36036036036036034,0.35946385553720034,0.24331939962741386,0.047451928061712986,0.057443625771939136,0.00037956783934705565,-2.7354599196493668e-05
H0_anchor0p5,3,True,7.5,0.36036036036036034,7.485093650983263,0.5980987277582486,0.1611127496209654,0.04690432917551731,-0.0002663126453128599,0.00022469511622962487
H0_anchor0p5,4,True,15.0,0.36036036036036034,14.194238660576183,0.5712594339083804,0.614286618847743,0.0957148260744296,-0.0024251168037525738,0.0004556592556011377
H0_anchor0p5,5,True,-15.0,4.0,-14.617179586799166,3.643316651694603,0.11427913603017699,0.15831245753353085,0.0005765921406167457,-0.0008697039263488041
H0_anchor0p5,6,True,-7.5,4.0,-7.64634721956594,4.292204094305522,0.14474797150490437,0.13844027650303345,0.00019226843811256055,0.0005110449335078637
H0_anchor0p5,7,True,0.0,4.0,-0.3924711413664511,4.01087924351005,0.04305748653338289,0.14046448646819007,-0.0004078621061689495,-9.328410032608434e-05
H0_anchor0p5,8,True,7.5,4.0,6.89674763356938,3.4923429662225884,0.16005285165562153,0.32800650795370306,-0.0011497939315616337,-0.0013138370021148404
H0_anchor0p5,9,True,15.0,4.0,14.607572954270019,4.259965175723823,0.20774743443489924,0.23845985851013116,-0.0014442579617583767,0.0004263598139538871
H0_anchor0p5,15,True,-15.0,2.0,-14.978732633264276,2.0918828127636866,0.21960556501661804,0.10698199557699052,-0.0001926894271677046,0.0001780673484269822
H0_anchor0p5,16,True,-7.5,2.0,-7.493931709192757,2.54450576683563,0.14813368888605308,0.09133612741747922,2.6851704608531895e-05,0.0007441749972638744
H0_anchor0p5,17,True,0.0,2.0,0.047832202155543374,1.869835831373869,0.05946110988183735,0.3082016262713808,0.00015151358004731163,-0.0001778619178384547
H0_anchor0p5,18,True,7.5,2.0,8.23361635164308,1.8265422859714597,0.3124024015366639,0.13590501274688663,0.0008777030882676426,-0.0001824318414459993
H0_anchor0p5,19,True,15.0,2.0,16.04194302433558,1.824823181023411,0.329129793135186,0.08278708463692123,0.001200286773242313,-9.522019618191225e-05
H0_anchor2,0,True,-15.0,0.36036036036036034,-15.180888524674717,0.35795264576283337,0.38089130510434854,0.037164845218126484,6.17147988864561e-05,-0.00012175021302661693
H0_anchor2,1,True,-7.5,0.36036036036036034,-7.559368149528828,0.34151735479803075,0.2972932291524331,0.05334798928407239,-3.759145770839512e-05,-9.686969800519723e-05
H0_anchor2,2,True,0.0,0.36036036036036034,0.3588339573089224,0.24331650066585214,0.04746055052048319,0.05745778489266291,-0.000250330388930935,-3.0253560758213115e-05
H0_anchor2,3,True,7.5,0.36036036036036034,7.485439083654895,0.5974510833715512,0.1611886325006974,0.04688951221381693,7.912002631789196e-05,-0.00042294927046782776
H0_anchor2,4,True,15.0,0.36036036036036034,14.199576742931159,0.5700715177037088,0.6149941815145538,0.09570536278719248,0.002912965551224599,-0.0007322569490704417
H0_anchor2,5,True,-15.0,4.0,-14.61840067425787,3.645828650993083,0.11437702135718845,0.1584317232089,-0.000644495318089798,0.0016422953721304313
H0_anchor2,6,True,-7.5,4.0,-7.64661506013119,4.290718848409576,0.14476924956977166,0.1384213204328381,-7.557212713868555e-05,-0.0009742009624389003
H0_anchor2,7,True,0.0,4.0,-0.3913041819451795,4.011219239522827,0.04314920915640144,0.1404942029650333,0.0007590973151026065,0.00024671191245001354
H0_anchor2,8,True,7.5,4.0,6.899571048978003,3.4962903541134733,0.16094215419986474,0.328482054060201,0.0016736214770610922,0.0026335508887706475
H0_anchor2,9,True,15.0,4.0,14.611225839355486,4.258512070115679,0.20871308817177692,0.23879419745760988,0.0022086271237072162,-0.0010267457941892278
H0_anchor2,15,True,-15.0,2.0,-14.97787435730344,2.0912147367482916,0.21976172796055193,0.10692164143932296,0.0006655865336643938,-0.000490008666968244
H0_anchor2,16,True,-7.5,2.0,-7.494121685112011,2.542194432397499,0.14811307108517668,0.09129458720498938,-0.00016312421464644635,-0.0015671594408673789
H0_anchor2,17,True,0.0,2.0,0.046688329879960064,1.8702866276416632,0.059570789777151814,0.3082884239207217,-0.0009923586955359954,0.00027293434995552047
H0_anchor2,18,True,7.5,2.0,8.229713960037058,1.8270523953698419,0.3122154674328976,0.13592008150298868,-0.003024688517755396,0.0003276775569358801
H0_anchor2,19,True,15.0,2.0,16.03634149364808,1.8251215122569466,0.3291402312124856,0.08281485363407752,-0.004401243914258393,0.0002031110373538844
