accommodation_mean_demand_discrepancy_D_mean,accommodation_mean_demand_discrepancy_D_median,accommodation_mean_demand_discrepancy_D_p95,accommodation_mean_demand_discrepancy_D_rms,ambiguous_rows,baseline_valid_rows,bound_rows,calibration_converged,calibration_cost,estimated_rows,evaluation_rows,fold,gaze_mean_anchor_discrepancy_deg_mean,gaze_mean_anchor_discrepancy_deg_median,gaze_mean_anchor_discrepancy_deg_p95,gaze_mean_anchor_discrepancy_deg_rms,geometry_cost_mean,geometry_cost_median,geometry_cost_p95,geometry_cost_rms,heldout_error_px_mean,heldout_error_px_median,heldout_error_px_p95,heldout_error_px_rms,holdout_tests,inverse_failure_rows,model,starts_converged,testable_holdouts,weak_rank_rows
-0.32372840422076404,-0.5342641475846039,0.39823651978131,0.6249473213487642,0,22,0,True,1760.7843522955773,22,32,gaze_+10,-0.6250551804379874,-0.5423506681905401,-0.0783163414005176,0.7553376652552816,5502.854968168149,4205.004912726539,10963.81536734249,6259.8839578959005,3.31050272509388,3.4439645131811636,4.803877995001008,3.488241289970392,66,0,conditional27,2,66,0
-0.14344885956105957,-0.35586709157799545,0.48096554002385244,0.4873157118518981,0,22,0,True,1635.7897617165434,22,32,gaze_+10,-0.8159426666788718,-0.7808462922872659,-0.28040413584618895,0.9128691008900821,12628.426878594122,11940.049997845595,16598.053336176752,13029.235028238569,6.405679472274842,6.721250519151905,8.935266012406249,6.7120340598045845,66,0,conditional37,3,66,0
-0.10189694338222108,-0.2995748095264006,0.5118307452616471,0.4561970357118255,0,22,0,True,1.7883444051580193,22,32,gaze_+10,-0.47030256504602636,-0.3549385487821928,0.03644547606630713,0.606068763003446,2.0889027557610758e-26,0.0,0.0,9.797822406360341e-26,,,,,0,0,two_channel13,2,0,0
-0.021990576672862885,-0.0381285040799656,0.2793980130553492,0.2609321721507509,0,30,0,True,1938.0197651426718,30,32,gaze_+0,-0.14516087917812273,-0.133112249778142,0.09154511082674414,0.3177128879519808,6909.691245574107,1746.0053015274807,8508.527751937483,23139.862367167432,2.3487486154336903,1.8017617959690113,5.305748345949135,3.4413843198291687,90,0,conditional27,2,90,0
-0.6892570321460061,-0.7813869885633261,0.1044406858034604,0.8683115981320607,0,30,0,True,1740.4438144145222,30,32,gaze_+0,-0.7112776224984921,-0.5030916793402511,-0.34072572795954315,0.8251618531781335,7590.202859990093,2476.8005056406896,9612.277727971317,23991.048948877145,2.8873952326569943,2.0942486830874145,5.772204599280865,3.940284466230614,90,0,conditional37,3,90,0
-0.38893668114587937,-0.5026339744900747,0.054140907188001255,0.4792501831358964,0,30,0,True,2.070568773638018,30,32,gaze_+0,-0.35411059313817916,-0.29318715277970164,-0.14901360957394272,0.462409572353237,5.773589486869629e-28,0.0,2.269556606071971e-27,1.3230301623502304e-27,,,,,0,0,two_channel13,2,0,0
-0.5119544992242804,-0.6006767595394191,-0.015448228322731215,0.6072473440558551,0,32,0,True,1938.5144267787416,32,32,gaze_+5,0.009536899208589994,0.03175059986585538,0.247806567273529,0.18261814788911312,5699.381356779675,4119.880534332256,21273.276125872093,8804.351208352795,3.2965183448345834,2.7892025669253533,6.056462340311745,3.7529611599308836,96,0,conditional27,2,96,0
0.8681444983922901,0.5291092644858597,1.9999999999999991,1.1241769059471556,0,32,8,True,1817.9118772906259,32,32,gaze_+5,0.7133437804413225,0.6155673635540713,1.5058552300370214,0.8648023417725328,6126.985223635944,5073.979093505294,18861.39642892023,8938.172351592144,3.404939015866001,3.2972785212551825,6.008815297836236,3.833948865190117,96,0,conditional37,3,96,0
0.1869442397090764,-0.05145570495079274,1.3977419612902309,0.6895044179008025,0,32,0,True,1.7564901682218135,32,32,gaze_+5,0.3491270322203688,0.12229272405072011,1.0865833298360925,0.5637039695987766,4.506893349779227e-27,0.0,0.0,2.5494838797707567e-26,,,,,0,0,two_channel13,2,0,0
0.16349356244503827,0.006047384929315336,0.8964030701107917,0.4059488514834438,0,39,0,True,1522.5746530506244,39,40,capture_1,0.2185464691667007,0.20079035054850003,0.8212003330598565,0.46509256984385455,15778.97349448638,10915.081355946058,51873.62668506768,21750.21160665721,4.677178835862279,4.251411141439635,9.730607844854568,5.232286669095267,117,0,conditional27,2,117,0
0.39281881374982225,-0.007970236193973607,2.1712566739014054,0.8761230058636571,0,39,0,True,1374.9504613821282,38,40,capture_1,0.6191722991466153,0.3690301864112371,2.4177720345204174,1.0061706062817417,17980.81501562053,11661.385786894856,57494.01037695102,24446.54837525643,5.2379014732428715,4.84895146637561,10.537627382854655,5.864807497608853,117,1,conditional37,3,114,0
0.5968545094598481,0.5749000901693455,0.8398052268158968,0.6086361770937799,0,39,0,True,1.8696556572693441,39,40,capture_1,-0.08879507913559834,-0.13609299923924212,0.2581118558782766,0.16964617183306716,3.314759609101515e-27,0.0,3.231540288897326e-26,1.035033389336075e-26,,,,,0,0,two_channel13,2,0,0
0.32314775894354986,0.20966626647757103,1.4845060471387728,0.9284028292480353,0,34,1,True,1232.0657510276183,34,40,capture_2,0.013953683702928729,-0.015137799813851684,0.8249971152708031,0.6038873007070309,9920.689805287875,5818.0285419583415,23523.103426419442,14190.640331725173,3.7499764814415073,3.5536161246841838,6.450582142513456,4.103000373813029,102,0,conditional27,2,102,0
0.09496862445849125,0.2043791307526912,1.9999999999999991,1.6989964478007826,0,34,11,True,1080.971825874934,34,40,capture_2,0.3723496298381429,0.03678098257242163,1.2471199288911996,0.732207780120559,12348.797990295037,10736.832216906458,23740.622487100816,15531.574872641339,4.139817669122422,4.062436772297271,6.526329359330305,4.47013125287347,102,0,conditional37,3,102,0
0.714132505374453,0.23163373327381676,1.9999999999999991,1.1468112975765066,0,34,6,True,1.7647098374063264,34,40,capture_2,0.3614197508241367,0.10670278319416182,1.1638641472449198,0.6365303914567004,91.6923164935755,0.0,221.27113258097236,440.2204925409671,,,,,0,0,two_channel13,2,0,0
0.8079114967579579,0.6813188351545965,1.7475228712815798,0.9226760486283043,0,30,0,True,1683.2116110384445,30,32,gaze_-5,0.7755825292278289,0.7659286074608778,1.651445353286746,0.877157368625667,3877.4450397303035,2309.8736467121817,9325.278712372101,4919.505461555629,2.3837528005036384,2.354787322696362,4.418229419728308,2.5970971393806193,90,0,conditional27,2,90,0
-0.3134415345368903,-0.2869983927242,0.2802777753554154,0.49868403976247666,0,30,0,True,1559.4271896168775,30,32,gaze_-5,0.4436356201716015,0.4299464673952884,1.1537434283855068,0.5429997619080525,4740.244818891754,2076.055062845495,14364.243635341243,6894.958276660823,2.493729234287125,2.225072688928985,5.382858275405837,2.8390641692094265,90,0,conditional37,3,90,0
0.10964900122526886,0.07520080054872613,0.7594169302982325,0.38119113753714234,0,30,0,True,2.5171701393272556,30,32,gaze_-5,0.27099308629766694,0.23426932588547622,0.8111029756153015,0.35610718560072246,3.1205538890264588e-27,0.0,3.09932759113229e-26,9.868526544072264e-27,,,,,0,0,two_channel13,2,0,0
0.5073751220907036,0.3141579058717774,1.9214257854750323,1.0782959828401804,0,31,0,True,2102.6963746382357,31,40,capture_3,0.17408904438417594,0.1907247124574436,1.241974692792854,0.629336688402058,4963.725787769076,2493.492198277164,13872.426366882373,7512.0966104729805,2.4377526836720063,2.2308247345706507,4.7809535500690705,2.8258913632119076,93,0,conditional27,2,93,0
-0.9816466303550082,-1.0245268545289428,0.24598413808839048,1.2494597424713658,0,31,0,True,1984.113591982046,31,40,capture_3,-0.3243731684022689,-0.31548039637044667,0.2758703387583479,0.5952075212632398,4917.071934358701,3044.6692458899342,14111.62124028247,7260.0525661444,2.4340703856850063,2.198576767383357,5.022318035519614,2.8436949654258856,93,0,conditional37,3,93,0
-0.06152049576109686,-0.20621101730093327,0.7493657899534059,0.42712430473621793,0,31,0,True,2.1780246580021694,31,40,capture_3,-0.10269884204968051,-0.16213974702781986,0.6253548528515229,0.43605092587832145,3.9416246185255085e-26,0.0,3.200474765645497e-25,1.2607857087292877e-25,,,,,0,0,two_channel13,2,0,0
-0.38028828048999497,-0.5177001942481174,0.7164625480448771,0.8376976472099893,0,39,0,True,1622.212888822645,39,40,capture_4,0.17309933486673165,0.16330806705762613,0.5117715377944446,0.2660816714324696,7378.399158547223,4327.360341188693,15833.824508594453,18496.602697215723,2.5536278820266713,1.8650728754835304,6.214953572286861,3.4803007838852773,117,0,conditional27,2,117,0
-0.6676584985545031,-0.8795744319973267,0.6539907651726317,0.9328217875132203,0,39,0,True,1484.2157375472325,39,40,capture_4,0.24731892399838792,0.17944493169450393,0.9251816146090572,0.4103083149041228,7287.462468473311,4142.050867410947,14031.831711372455,18544.29042075033,2.463368057233929,1.8076171185622278,6.235800490279227,3.4141413807166106,117,0,conditional37,3,117,0
-0.5378456632104921,-0.5462842792574254,-0.27857006314677535,0.5582320781972813,0,39,0,True,2.572676472748905,39,40,capture_4,0.06110386188769857,0.0990396012479291,0.21993284614423564,0.13654393901044976,2.805208351163999e-26,0.0,1.5925892542972108e-25,1.1160113038564757e-25,,,,,0,0,two_channel13,2,0,0
2.1370789557912566,1.9999999999999991,2.999999999999999,2.1888899607988015,0,29,10,True,1583.3827693220267,29,32,gaze_-10,-1.093887475042608,-1.0450751211219327,-0.4482334853183354,1.1698403120745398,9775.594341896534,5050.472350270911,27555.489428056768,19263.058850666628,3.0835225552302887,2.8837241352866334,6.021329605175487,3.7107873527360127,87,0,conditional27,2,87,0
2.8934441394308634,2.999999999999999,3.999999999999999,3.1676827447251066,0,29,23,True,1367.02593386342,25,32,gaze_-10,0.1441501841848882,0.09617668713046612,0.4306127268970297,0.30295642938605327,85111.54983118302,74686.79446973077,201214.48628488902,106613.65448062718,10.056112513511264,9.33419183249149,16.144046019203603,10.829967054920017,87,4,conditional37,3,84,0
-0.42912320890522926,-0.36036036036036034,0.8195324030427714,0.7529367517579385,0,29,6,True,2.818044546477403,29,32,gaze_-10,-0.44672443600947553,-0.46563895269382627,0.365188851261246,0.7406104670577679,96.81394456250725,0.0,594.4375276939552,229.10497562544907,,,,,0,0,two_channel13,2,0,0
