config,section,item,metric,value
M0,training,holdout3/quadratic,status,converged
M0,training,holdout3/quadratic,accepted_iterations,31
M0,training,holdout3/quadratic,nfev,43
M0,training,holdout3/quadratic,elapsed_seconds,118.91845926499991
M0,training,holdout3/robust,status,converged
M0,training,holdout3/robust,accepted_iterations,7
M0,training,holdout3/robust,nfev,11
M0,training,holdout3/robust,elapsed_seconds,14.500593648000176
M0,training,holdout3,driver_wall_seconds,144.0
M0,training,full/quadratic,status,converged
M0,training,full/quadratic,accepted_iterations,39
M0,training,full/quadratic,nfev,49
M0,training,full/quadratic,elapsed_seconds,265.0555595179999
M0,training,full/robust,status,converged
M0,training,full/robust,accepted_iterations,8
M0,training,full/robust,nfev,13
M0,training,full/robust,elapsed_seconds,26.32634495299999
M0,training,full,driver_wall_seconds,303.0
M0,coefficient,holdout3,b@0.36,0.14299175852141538
M0,coefficient,full,b@0.36,0.14286027720657404
M0,coefficient,holdout3,b@2,0.12169264698585276
M0,coefficient,full,b@2,0.12210929841165402
M0,coefficient,holdout3,b@3,0.10703653358608486
M0,coefficient,full,b@3,0.10757068716180866
M0,coefficient,holdout3,b@4,0.09238042018631695
M0,coefficient,full,b@4,0.09310976874484356
M0,coefficient,holdout3,s@0.36,0.048024178422682647
M0,coefficient,full,s@0.36,0.04792522940767726
M0,coefficient,holdout3,s@2,0.041342225751332035
M0,coefficient,full,s@2,0.04173016822977838
M0,coefficient,holdout3,s@3,0.03992384013310005
M0,coefficient,full,s@3,0.039370296885343097
M0,coefficient,holdout3,s@4,0.03850545451486806
M0,coefficient,full,s@4,0.038750837530189465
M0,coefficient,holdout3,r0,0.7262625835314678
M0,coefficient,full,r0,0.7270635607385878
M0,coefficient,holdout3,r1,0.009923570771681545
M0,coefficient,full,r1,0.009096095284204343
M0,coefficient,holdout3,r2,0.005144593063747097
M0,coefficient,full,r2,0.0055161522187236415
M0,coefficient,holdout3,r3(a),-0.021519561965583033
M0,coefficient,full,r3(a),-0.022218115771511122
M0,coefficient,holdout3,r4(a t),-0.0018385025813641466
M0,coefficient,full,r4(a t),-0.0014170576387796767
M0,coefficient,holdout3,r5(a t2),0.002246669725059529
M0,coefficient,full,r5(a t2),0.0020801868991278125
M0,coefficient,holdout3,p (frozen exponent),0.6188503748253252
M0,coefficient,full,p (frozen exponent),0.6088611641569155
M0,holdout3_inverse_vs_targets,10,n,3616
M0,holdout3_inverse_vs_targets,10,gaze_bias,0.13856335189180086
M0,holdout3_inverse_vs_targets,10,gaze_rmse,0.15064258980366105
M0,holdout3_inverse_vs_targets,10,A_bias,-0.12073975692767118
M0,holdout3_inverse_vs_targets,10,A_rmse,0.3393887740953539
M0,holdout3_inverse_vs_targets,11,n,3913
M0,holdout3_inverse_vs_targets,11,gaze_bias,-0.005135346586325964
M0,holdout3_inverse_vs_targets,11,gaze_rmse,0.057620734300980685
M0,holdout3_inverse_vs_targets,11,A_bias,0.4166688445172642
M0,holdout3_inverse_vs_targets,11,A_rmse,0.4577069426548434
M0,holdout3_inverse_vs_targets,12,n,3998
M0,holdout3_inverse_vs_targets,12,gaze_bias,-0.14763111793570222
M0,holdout3_inverse_vs_targets,12,gaze_rmse,0.1505439852038949
M0,holdout3_inverse_vs_targets,12,A_bias,-0.20478175845237903
M0,holdout3_inverse_vs_targets,12,A_rmse,0.22678396587282046
M0,holdout3_inverse_vs_targets,13,n,3758
M0,holdout3_inverse_vs_targets,13,gaze_bias,0.14218644700868072
M0,holdout3_inverse_vs_targets,13,gaze_rmse,0.19539922792505532
M0,holdout3_inverse_vs_targets,13,A_bias,-0.07001334221498225
M0,holdout3_inverse_vs_targets,13,A_rmse,0.2639388122861914
M0,holdout3_inverse_vs_targets,14,n,4160
M0,holdout3_inverse_vs_targets,14,gaze_bias,0.2618212529324692
M0,holdout3_inverse_vs_targets,14,gaze_rmse,0.4577326641722392
M0,holdout3_inverse_vs_targets,14,A_bias,0.15036967623996342
M0,holdout3_inverse_vs_targets,14,A_rmse,0.3863645771619771
M0,holdout3_inverse_vs_targets,all,n,19445
M0,holdout3_inverse_vs_targets,all,gaze_bias,0.0778726839701319
M0,holdout3_inverse_vs_targets,all,gaze_rmse,0.24849689147042817
M0,holdout3_inverse_vs_targets,all,A_bias,0.037929569059775216
M0,holdout3_inverse_vs_targets,all,A_rmse,0.34576201567799975
M0,full_inverse_vs_targets,10,n,3616
M0,full_inverse_vs_targets,10,gaze_bias,0.0174068281758181
M0,full_inverse_vs_targets,10,gaze_rmse,0.08843256996463209
M0,full_inverse_vs_targets,10,A_bias,-0.12034490374887828
M0,full_inverse_vs_targets,10,A_rmse,0.32678870641063473
M0,full_inverse_vs_targets,11,n,3913
M0,full_inverse_vs_targets,11,gaze_bias,-0.06780250124120903
M0,full_inverse_vs_targets,11,gaze_rmse,0.091149401121407
M0,full_inverse_vs_targets,11,A_bias,0.3960494961107486
M0,full_inverse_vs_targets,11,A_rmse,0.4371052294463867
M0,full_inverse_vs_targets,12,n,3998
M0,full_inverse_vs_targets,12,gaze_bias,-0.16555091109850434
M0,full_inverse_vs_targets,12,gaze_rmse,0.16811952239728592
M0,full_inverse_vs_targets,12,A_bias,-0.21552146437010244
M0,full_inverse_vs_targets,12,A_rmse,0.23622992121503017
M0,full_inverse_vs_targets,13,n,3758
M0,full_inverse_vs_targets,13,gaze_bias,0.19588554483722392
M0,full_inverse_vs_targets,13,gaze_rmse,0.24797083260273278
M0,full_inverse_vs_targets,13,A_bias,-0.07267566622196507
M0,full_inverse_vs_targets,13,A_rmse,0.26753026218005677
M0,full_inverse_vs_targets,14,n,4160
M0,full_inverse_vs_targets,14,gaze_bias,0.37864754553661734
M0,full_inverse_vs_targets,14,gaze_rmse,0.5200336491500199
M0,full_inverse_vs_targets,14,A_bias,0.1674807975538624
M0,full_inverse_vs_targets,14,A_rmse,0.386985534004855
M0,full_inverse_vs_targets,all,n,19445
M0,full_inverse_vs_targets,all,gaze_bias,0.07441866946185151
M0,full_inverse_vs_targets,all,gaze_rmse,0.28049434130633677
M0,full_inverse_vs_targets,all,A_bias,0.03479170254233316
M0,full_inverse_vs_targets,all,A_rmse,0.34007590368322926
M0,agreement,10,n,3616
M0,agreement,10,mean_gaze_diff,0.12115652371598272
M0,agreement,10,gaze_rmse,0.12989253083407662
M0,agreement,10,mean_A_diff,-0.0003948531787929247
M0,agreement,10,A_rmse,0.01456166978536371
M0,agreement,11,n,3913
M0,agreement,11,mean_gaze_diff,0.06266715465488305
M0,agreement,11,gaze_rmse,0.06774575858282503
M0,agreement,11,mean_A_diff,0.020619348406515692
M0,agreement,11,A_rmse,0.021100737641660886
M0,agreement,12,n,3998
M0,agreement,12,mean_gaze_diff,0.01791979316280213
M0,agreement,12,gaze_rmse,0.017941347080247336
M0,agreement,12,mean_A_diff,0.010739705917723453
M0,agreement,12,A_rmse,0.010764025322219489
M0,agreement,13,n,3758
M0,agreement,13,mean_gaze_diff,-0.05369909782854324
M0,agreement,13,gaze_rmse,0.061213717088226
M0,agreement,13,mean_A_diff,0.0026623240069827935
M0,agreement,13,A_rmse,0.0046751374432429365
M0,agreement,14,n,4160
M0,agreement,14,mean_gaze_diff,-0.11682629260414813
M0,agreement,14,gaze_rmse,0.14801561883780634
M0,agreement,14,mean_A_diff,-0.017111121313898955
M0,agreement,14,A_rmse,0.02424357480461183
M0,agreement,all,n,19445
M0,agreement,all,mean_gaze_diff,0.003454014508280381
M0,agreement,all,gaze_rmse,0.09766535201098457
M0,agreement,all,mean_A_diff,0.0031378665174420528
M0,agreement,all,A_rmse,0.016817169958199388
M0,monotonicity,holdout3,min_dd_dtheta,0.035668683278404084
M0,monotonicity,holdout3,strictly_monotonic,True
M0,monotonicity,full,min_dd_dtheta,0.03751191881988221
M0,monotonicity,full,strictly_monotonic,True
M0,inverse_diagnostics,holdout3_inverse,frames,19445
M0,inverse_diagnostics,holdout3_inverse,ambiguous,0
M0,inverse_diagnostics,holdout3_inverse,stationarity_unverified,0
M0,inverse_diagnostics,holdout3_inverse,theta_bound,0
M0,inverse_diagnostics,holdout3_inverse,A_bound,0
M0,inverse_diagnostics,holdout3_inverse,max_weighted_cost,3.828417515675631e-24
M0,inverse_diagnostics,full_inverse,frames,19445
M0,inverse_diagnostics,full_inverse,ambiguous,0
M0,inverse_diagnostics,full_inverse,stationarity_unverified,0
M0,inverse_diagnostics,full_inverse,theta_bound,0
M0,inverse_diagnostics,full_inverse,A_bound,0
M0,inverse_diagnostics,full_inverse,max_weighted_cost,4.732675749862076e-24
M2a1,training,holdout3/quadratic,status,converged
M2a1,training,holdout3/quadratic,accepted_iterations,46
M2a1,training,holdout3/quadratic,nfev,51
M2a1,training,holdout3/quadratic,elapsed_seconds,197.76565276699966
M2a1,training,holdout3/robust,status,converged
M2a1,training,holdout3/robust,accepted_iterations,10
M2a1,training,holdout3/robust,nfev,16
M2a1,training,holdout3/robust,elapsed_seconds,24.21605889500006
M2a1,training,holdout3,driver_wall_seconds,233.0
M2a1,training,full/quadratic,status,not_converged
M2a1,training,full/quadratic,accepted_iterations,48
M2a1,training,full/quadratic,nfev,54
M2a1,training,full/quadratic,elapsed_seconds,289.9735424549999
M2a1,training,full/robust,status,converged
M2a1,training,full/robust,accepted_iterations,11
M2a1,training,full/robust,nfev,18
M2a1,training,full/robust,elapsed_seconds,33.93889137799988
M2a1,training,full,driver_wall_seconds,337.0
M2a1,coefficient,holdout3,b0,0.15748480198933013
M2a1,coefficient,full,b0,0.15855909476010246
M2a1,coefficient,holdout3,b1,-0.025096600945236854
M2a1,coefficient,full,b1,-0.02453452544764509
M2a1,coefficient,holdout3,s0,0.7488490152267442
M2a1,coefficient,full,s0,0.754300665763043
M2a1,coefficient,holdout3,s1,-0.12947394510605856
M2a1,coefficient,full,s1,-0.12609139788503046
M2a1,coefficient,holdout3,c20,-0.05557277425376617
M2a1,coefficient,full,c20,-0.06415451775710679
M2a1,coefficient,holdout3,c21,0.07820196651597919
M2a1,coefficient,full,c21,0.08042612093730958
M2a1,coefficient,holdout3,c3,0.03664149293273919
M2a1,coefficient,full,c3,0.024416960347507646
M2a1,coefficient,holdout3,r0,0.7250979210952789
M2a1,coefficient,full,r0,0.7259671358248081
M2a1,coefficient,holdout3,r1,0.01069701858258646
M2a1,coefficient,full,r1,0.009912990389759877
M2a1,coefficient,holdout3,r2,0.013039343037736151
M2a1,coefficient,full,r2,0.012030793704190579
M2a1,coefficient,holdout3,r3,-0.031033801199570808
M2a1,coefficient,full,r3,-0.03140846093403347
M2a1,coefficient,holdout3,r4,-0.002555207692938561
M2a1,coefficient,full,r4,-0.0020853115566529658
M2a1,coefficient,holdout3,r5,-0.0010799705955295725
M2a1,coefficient,full,r5,-0.0006995719261257806
M2a1,holdout3_inverse_vs_targets,10,n,3616
M2a1,holdout3_inverse_vs_targets,10,gaze_bias,-0.31148725256477783
M2a1,holdout3_inverse_vs_targets,10,gaze_rmse,0.39425226450974815
M2a1,holdout3_inverse_vs_targets,10,A_bias,-0.12807815343036424
M2a1,holdout3_inverse_vs_targets,10,A_rmse,0.3630511704703833
M2a1,holdout3_inverse_vs_targets,11,n,3913
M2a1,holdout3_inverse_vs_targets,11,gaze_bias,0.021032232831127685
M2a1,holdout3_inverse_vs_targets,11,gaze_rmse,0.06691568797445506
M2a1,holdout3_inverse_vs_targets,11,A_bias,0.2292498638966485
M2a1,holdout3_inverse_vs_targets,11,A_rmse,0.30764316799902036
M2a1,holdout3_inverse_vs_targets,12,n,3998
M2a1,holdout3_inverse_vs_targets,12,gaze_bias,0.30201799005909197
M2a1,holdout3_inverse_vs_targets,12,gaze_rmse,0.30691659088236395
M2a1,holdout3_inverse_vs_targets,12,A_bias,-0.4045829214189009
M2a1,holdout3_inverse_vs_targets,12,A_rmse,0.4176446158229311
M2a1,holdout3_inverse_vs_targets,13,n,3758
M2a1,holdout3_inverse_vs_targets,13,gaze_bias,0.5887833329441836
M2a1,holdout3_inverse_vs_targets,13,gaze_rmse,0.625393523193537
M2a1,holdout3_inverse_vs_targets,13,A_bias,-0.09309594362025654
M2a1,holdout3_inverse_vs_targets,13,A_rmse,0.3028766328295809
M2a1,holdout3_inverse_vs_targets,14,n,4160
M2a1,holdout3_inverse_vs_targets,14,gaze_bias,-0.5046593130530439
M2a1,holdout3_inverse_vs_targets,14,gaze_rmse,0.5857287882455395
M2a1,holdout3_inverse_vs_targets,14,A_bias,0.1150372127257435
M2a1,holdout3_inverse_vs_targets,14,A_rmse,0.36921073077644045
M2a1,holdout3_inverse_vs_targets,all,n,19445
M2a1,holdout3_inverse_vs_targets,all,gaze_bias,0.01422957927250165
M2a1,holdout3_inverse_vs_targets,all,gaze_rmse,0.44515042002148186
M2a1,holdout3_inverse_vs_targets,all,A_bias,-0.054250355175891406
M2a1,holdout3_inverse_vs_targets,all,A_rmse,0.3554033376149011
M2a1,full_inverse_vs_targets,10,n,3616
M2a1,full_inverse_vs_targets,10,gaze_bias,-0.3019707328843423
M2a1,full_inverse_vs_targets,10,gaze_rmse,0.3900130245115806
M2a1,full_inverse_vs_targets,10,A_bias,-0.12976991024366008
M2a1,full_inverse_vs_targets,10,A_rmse,0.357412970506144
M2a1,full_inverse_vs_targets,11,n,3913
M2a1,full_inverse_vs_targets,11,gaze_bias,0.08384960903180413
M2a1,full_inverse_vs_targets,11,gaze_rmse,0.10487214757861411
M2a1,full_inverse_vs_targets,11,A_bias,0.26401943070237305
M2a1,full_inverse_vs_targets,11,A_rmse,0.33326533271374875
M2a1,full_inverse_vs_targets,12,n,3998
M2a1,full_inverse_vs_targets,12,gaze_bias,0.25972637819551275
M2a1,full_inverse_vs_targets,12,gaze_rmse,0.26491152043285343
M2a1,full_inverse_vs_targets,12,A_bias,-0.36270803189520223
M2a1,full_inverse_vs_targets,12,A_rmse,0.3771535351965581
M2a1,full_inverse_vs_targets,13,n,3758
M2a1,full_inverse_vs_targets,13,gaze_bias,0.4836415375615827
M2a1,full_inverse_vs_targets,13,gaze_rmse,0.5246617730762065
M2a1,full_inverse_vs_targets,13,A_bias,-0.09248689266826006
M2a1,full_inverse_vs_targets,13,A_rmse,0.30043538641053286
M2a1,full_inverse_vs_targets,14,n,4160
M2a1,full_inverse_vs_targets,14,gaze_bias,-0.4443244884997699
M2a1,full_inverse_vs_targets,14,gaze_rmse,0.5362175029306481
M2a1,full_inverse_vs_targets,14,A_bias,0.10301715293288546
M2a1,full_inverse_vs_targets,14,A_rmse,0.3667587076325846
M2a1,full_inverse_vs_targets,all,n,19445
M2a1,full_inverse_vs_targets,all,gaze_bias,0.012532704348403836
M2a1,full_inverse_vs_targets,all,gaze_rmse,0.3995513264661894
M2a1,full_inverse_vs_targets,all,A_bias,-0.041412242790754714
M2a1,full_inverse_vs_targets,all,A_rmse,0.3486733938793765
M2a1,agreement,10,n,3616
M2a1,agreement,10,mean_gaze_diff,-0.009516519680435575
M2a1,agreement,10,gaze_rmse,0.010862514151960044
M2a1,agreement,10,mean_A_diff,0.0016917568132958146
M2a1,agreement,10,A_rmse,0.006899178418058169
M2a1,agreement,11,n,3913
M2a1,agreement,11,mean_gaze_diff,-0.06281737620067644
M2a1,agreement,11,gaze_rmse,0.06282036019922649
M2a1,agreement,11,mean_A_diff,-0.034769566805724586
M2a1,agreement,11,A_rmse,0.034816812362099346
M2a1,agreement,12,n,3998
M2a1,agreement,12,mean_gaze_diff,0.0422916118635792
M2a1,agreement,12,gaze_rmse,0.042373081456484545
M2a1,agreement,12,mean_A_diff,-0.04187488952369862
M2a1,agreement,12,A_rmse,0.041875748654488114
M2a1,agreement,13,n,3758
M2a1,agreement,13,mean_gaze_diff,0.10514179538260095
M2a1,agreement,13,gaze_rmse,0.1054483004647035
M2a1,agreement,13,mean_A_diff,-0.0006090509519964869
M2a1,agreement,13,A_rmse,0.0024746041220911723
M2a1,agreement,14,n,4160
M2a1,agreement,14,mean_gaze_diff,-0.06033482455327397
M2a1,agreement,14,gaze_rmse,0.06073432232100662
M2a1,agreement,14,mean_A_diff,0.012020059792858065
M2a1,agreement,14,A_rmse,0.012081679177378757
M2a1,agreement,all,n,19445
M2a1,agreement,all,mean_gaze_diff,0.0016968749240978312
M2a1,agreement,all,gaze_rmse,0.06421332175795247
M2a1,agreement,all,mean_A_diff,-0.012838112385136692
M2a1,agreement,all,A_rmse,0.02541153955678458
M2a1,monotonicity,holdout3,min_dd_dtheta,0.027467447327482252
M2a1,monotonicity,holdout3,strictly_monotonic,True
M2a1,monotonicity,full,min_dd_dtheta,0.02616770438991574
M2a1,monotonicity,full,strictly_monotonic,True
M2a1,inverse_diagnostics,holdout3_inverse,frames,19445
M2a1,inverse_diagnostics,holdout3_inverse,ambiguous,0
M2a1,inverse_diagnostics,holdout3_inverse,stationarity_unverified,0
M2a1,inverse_diagnostics,holdout3_inverse,theta_bound,0
M2a1,inverse_diagnostics,holdout3_inverse,A_bound,0
M2a1,inverse_diagnostics,holdout3_inverse,max_weighted_cost,7.615986016073497e-24
M2a1,inverse_diagnostics,full_inverse,frames,19445
M2a1,inverse_diagnostics,full_inverse,ambiguous,0
M2a1,inverse_diagnostics,full_inverse,stationarity_unverified,0
M2a1,inverse_diagnostics,full_inverse,theta_bound,0
M2a1,inverse_diagnostics,full_inverse,A_bound,0
M2a1,inverse_diagnostics,full_inverse,max_weighted_cost,9.739429999351194e-24
M2a01,training,holdout3/quadratic,status,converged
M2a01,training,holdout3/quadratic,accepted_iterations,18
M2a01,training,holdout3/quadratic,nfev,19
M2a01,training,holdout3/quadratic,elapsed_seconds,82.90702252499977
M2a01,training,holdout3/robust,status,not_converged
M2a01,training,holdout3/robust,accepted_iterations,19
M2a01,training,holdout3/robust,nfev,32
M2a01,training,holdout3/robust,elapsed_seconds,64.40112918800014
M2a01,training,holdout3,driver_wall_seconds,160.0
M2a01,training,full/quadratic,status,converged
M2a01,training,full/quadratic,accepted_iterations,18
M2a01,training,full/quadratic,nfev,19
M2a01,training,full/quadratic,elapsed_seconds,111.03533344100015
M2a01,training,full/robust,status,converged
M2a01,training,full/robust,accepted_iterations,21
M2a01,training,full/robust,nfev,38
M2a01,training,full/robust,elapsed_seconds,102.9684891060001
M2a01,training,full,driver_wall_seconds,228.0
M2a01,coefficient,holdout3,b0,0.1479613822964298
M2a01,coefficient,full,b0,0.14831982213039527
M2a01,coefficient,holdout3,b1,-0.016456238128750612
M2a01,coefficient,full,b1,-0.016036520346271232
M2a01,coefficient,holdout3,s0,0.7532226030374453
M2a01,coefficient,full,s0,0.7542477952878478
M2a01,coefficient,holdout3,s1,-0.11648807460478854
M2a01,coefficient,full,s1,-0.11344590159352204
M2a01,coefficient,holdout3,c20,0.01167322331915224
M2a01,coefficient,full,c20,0.0036896956675784706
M2a01,coefficient,holdout3,c21,0.004364934311074317
M2a01,coefficient,full,c21,0.008571182403683179
M2a01,coefficient,holdout3,c3,0.008259151882972106
M2a01,coefficient,full,c3,0.0023491896709871315
M2a01,coefficient,holdout3,r0,0.7231586540631456
M2a01,coefficient,full,r0,0.7241132514237797
M2a01,coefficient,holdout3,r1,0.010453219044181509
M2a01,coefficient,full,r1,0.008108503932561692
M2a01,coefficient,holdout3,r2,0.019951696176212737
M2a01,coefficient,full,r2,0.018321522232513078
M2a01,coefficient,holdout3,r3,-0.029404423648883165
M2a01,coefficient,full,r3,-0.029774315282717522
M2a01,coefficient,holdout3,r4,-0.0025059340946932906
M2a01,coefficient,full,r4,-0.0009120741967997652
M2a01,coefficient,holdout3,r5,-0.006371585736168172
M2a01,coefficient,full,r5,-0.005753787671450067
M2a01,holdout3_inverse_vs_targets,10,n,3616
M2a01,holdout3_inverse_vs_targets,10,gaze_bias,-0.026716935271741255
M2a01,holdout3_inverse_vs_targets,10,gaze_rmse,0.10211658864963978
M2a01,holdout3_inverse_vs_targets,10,A_bias,-0.14522634845084406
M2a01,holdout3_inverse_vs_targets,10,A_rmse,0.31234914430182614
M2a01,holdout3_inverse_vs_targets,11,n,3913
M2a01,holdout3_inverse_vs_targets,11,gaze_bias,0.00677745334565366
M2a01,holdout3_inverse_vs_targets,11,gaze_rmse,0.06031515895723258
M2a01,holdout3_inverse_vs_targets,11,A_bias,0.2752788003585016
M2a01,holdout3_inverse_vs_targets,11,A_rmse,0.34613422907293295
M2a01,holdout3_inverse_vs_targets,12,n,3998
M2a01,holdout3_inverse_vs_targets,12,gaze_bias,-0.02957181633897443
M2a01,holdout3_inverse_vs_targets,12,gaze_rmse,0.045737293673305694
M2a01,holdout3_inverse_vs_targets,12,A_bias,-0.4073181638529169
M2a01,holdout3_inverse_vs_targets,12,A_rmse,0.4213441125160821
M2a01,holdout3_inverse_vs_targets,13,n,3758
M2a01,holdout3_inverse_vs_targets,13,gaze_bias,0.23432323272281613
M2a01,holdout3_inverse_vs_targets,13,gaze_rmse,0.29787046011917057
M2a01,holdout3_inverse_vs_targets,13,A_bias,-0.13572638320879396
M2a01,holdout3_inverse_vs_targets,13,A_rmse,0.3131344610531287
M2a01,holdout3_inverse_vs_targets,14,n,4160
M2a01,holdout3_inverse_vs_targets,14,gaze_bias,0.06179153968982018
M2a01,holdout3_inverse_vs_targets,14,gaze_rmse,0.3872522627621091
M2a01,holdout3_inverse_vs_targets,14,A_bias,0.19271500662792698
M2a01,holdout3_inverse_vs_targets,14,A_rmse,0.38815581472078353
M2a01,holdout3_inverse_vs_targets,all,n,19445
M2a01,holdout3_inverse_vs_targets,all,gaze_bias,0.04882093746246858
M2a01,holdout3_inverse_vs_targets,all,gaze_rmse,0.2287615110472439
M2a01,holdout3_inverse_vs_targets,all,A_bias,-0.040359777310664355
M2a01,holdout3_inverse_vs_targets,all,A_rmse,0.3604670266575452
M2a01,full_inverse_vs_targets,10,n,3616
M2a01,full_inverse_vs_targets,10,gaze_bias,-0.0212580857417589
M2a01,full_inverse_vs_targets,10,gaze_rmse,0.10315918370766373
M2a01,full_inverse_vs_targets,10,A_bias,-0.16281291204741025
M2a01,full_inverse_vs_targets,10,A_rmse,0.3098109412122713
M2a01,full_inverse_vs_targets,11,n,3913
M2a01,full_inverse_vs_targets,11,gaze_bias,0.02744232711394819
M2a01,full_inverse_vs_targets,11,gaze_rmse,0.06597685975966591
M2a01,full_inverse_vs_targets,11,A_bias,0.309242401580006
M2a01,full_inverse_vs_targets,11,A_rmse,0.37082021049185165
M2a01,full_inverse_vs_targets,12,n,3998
M2a01,full_inverse_vs_targets,12,gaze_bias,-0.04221797177300929
M2a01,full_inverse_vs_targets,12,gaze_rmse,0.05418107906681772
M2a01,full_inverse_vs_targets,12,A_bias,-0.34939009671116716
M2a01,full_inverse_vs_targets,12,A_rmse,0.3657149434423314
M2a01,full_inverse_vs_targets,13,n,3758
M2a01,full_inverse_vs_targets,13,gaze_bias,0.17345458271319703
M2a01,full_inverse_vs_targets,13,gaze_rmse,0.24943084302322235
M2a01,full_inverse_vs_targets,13,A_bias,-0.12652848027939897
M2a01,full_inverse_vs_targets,13,A_rmse,0.3130031040709798
M2a01,full_inverse_vs_targets,14,n,4160
M2a01,full_inverse_vs_targets,14,gaze_bias,0.033662038232605995
M2a01,full_inverse_vs_targets,14,gaze_rmse,0.38715011357713264
M2a01,full_inverse_vs_targets,14,A_bias,0.14360620560249565
M2a01,full_inverse_vs_targets,14,A_rmse,0.37553681006727485
M2a01,full_inverse_vs_targets,all,n,19445
M2a01,full_inverse_vs_targets,all,gaze_bias,0.03361283300025834
M2a01,full_inverse_vs_targets,all,gaze_rmse,0.21805607212219372
M2a01,full_inverse_vs_targets,all,A_bias,-0.03361377180847096
M2a01,full_inverse_vs_targets,all,A_rmse,0.3494634067689917
M2a01,agreement,10,n,3616
M2a01,agreement,10,mean_gaze_diff,-0.005458849529982355
M2a01,agreement,10,gaze_rmse,0.006065853913565282
M2a01,agreement,10,mean_A_diff,0.017586563596566174
M2a01,agreement,10,A_rmse,0.02184654823457501
M2a01,agreement,11,n,3913
M2a01,agreement,11,mean_gaze_diff,-0.02066487376829453
M2a01,agreement,11,gaze_rmse,0.02069512824451511
M2a01,agreement,11,mean_A_diff,-0.033963601221504325
M2a01,agreement,11,A_rmse,0.03436284649990092
M2a01,agreement,12,n,3998
M2a01,agreement,12,mean_gaze_diff,0.012646155434034858
M2a01,agreement,12,gaze_rmse,0.012705029835849152
M2a01,agreement,12,mean_A_diff,-0.05792806714174972
M2a01,agreement,12,A_rmse,0.05792861512594553
M2a01,agreement,13,n,3758
M2a01,agreement,13,mean_gaze_diff,0.06086865000961912
M2a01,agreement,13,gaze_rmse,0.06106986437476523
M2a01,agreement,13,mean_A_diff,-0.009197902929394921
M2a01,agreement,13,A_rmse,0.01009342673683503
M2a01,agreement,14,n,4160
M2a01,agreement,14,mean_gaze_diff,0.028129501457214184
M2a01,agreement,14,gaze_rmse,0.028356013854235484
M2a01,agreement,14,mean_A_diff,0.04910880102543133
M2a01,agreement,14,A_rmse,0.05017687774146168
M2a01,agreement,all,n,19445
M2a01,agreement,all,mean_gaze_diff,0.015208104462210251
M2a01,agreement,all,gaze_rmse,0.03192202628204155
M2a01,agreement,all,mean_A_diff,-0.006746005502193382
M2a01,agreement,all,A_rmse,0.039681852272963426
M2a01,monotonicity,holdout3,min_dd_dtheta,0.034008857525131844
M2a01,monotonicity,holdout3,strictly_monotonic,True
M2a01,monotonicity,full,min_dd_dtheta,0.032780361217559194
M2a01,monotonicity,full,strictly_monotonic,True
M2a01,inverse_diagnostics,holdout3_inverse,frames,19445
M2a01,inverse_diagnostics,holdout3_inverse,ambiguous,0
M2a01,inverse_diagnostics,holdout3_inverse,stationarity_unverified,0
M2a01,inverse_diagnostics,holdout3_inverse,theta_bound,0
M2a01,inverse_diagnostics,holdout3_inverse,A_bound,0
M2a01,inverse_diagnostics,holdout3_inverse,max_weighted_cost,7.591481139844935e-24
M2a01,inverse_diagnostics,full_inverse,frames,19445
M2a01,inverse_diagnostics,full_inverse,ambiguous,0
M2a01,inverse_diagnostics,full_inverse,stationarity_unverified,0
M2a01,inverse_diagnostics,full_inverse,theta_bound,0
M2a01,inverse_diagnostics,full_inverse,A_bound,0
M2a01,inverse_diagnostics,full_inverse,max_weighted_cost,7.510438646096528e-24
