model,fixation_index,capture,count,nominal_theta_deg,nominal_demand_D,fitted_theta_mean_deg,fitted_A_mean_D,nominal_mean_theta_offset_deg,nominal_mean_A_offset_D,within_fixation_theta_SD_deg,within_fixation_A_SD_D,optical_objective,d_RMSE,rho_RMSE,theta_anchor_objective,A_anchor_objective,theta_optical_gradient_RMS,theta_total_gradient_RMS,A_optical_gradient_RMS,A_total_gradient_RMS,physical_derivative_undefined_count,optical_rank_deficient_count,interior_knot_count,theta_bound_count,A_bound_count,nominal_knot_extrapolation_count
H0,0,capture_1_detections.pkl,3490,-15.0,0.36036036036036034,-15.180950239473603,0.35807439597586,-0.1809502394736029,-0.0022859643845003497,0.38085720247081273,0.0371621828499098,4.624783214983344e-06,1.2344871444348896e-07,1.4634592993548305e-06,0.001091432972184991,2.787004355842302e-06,3.481892045683305e-06,2.25471298732133e-09,1.1007665368239327e-06,9.828667576991846e-08,0,0,0,0,0,2053
H0,1,capture_1_detections.pkl,4000,-7.5,0.36036036036036034,-7.559330558071118,0.34161422449603596,-0.05933055807111831,-0.018746135864324387,0.29731023681606883,0.053345730527524456,5.846763946547965e-07,4.696754480399634e-08,5.200961797482402e-07,0.00011733717070101843,0.00018742272524996815,9.982288389276074e-07,4.4017820719179416e-10,5.050937485926544e-06,2.6862300371912314e-08,0,0,0,0,0,2081
H0,2,capture_1_detections.pkl,3840,0.0,0.36036036036036034,0.3590842876978533,0.24334675422661034,0.3590842876978533,-0.11701360613375,0.04744749923480292,0.057449620982437714,4.969378709818759e-06,2.6087158987656335e-07,1.49966961953439e-06,0.004298050855715861,0.007302498144226296,6.234335356339674e-06,2.0800881366447165e-10,3.251169305926023e-05,3.844955671737961e-09,0,0,0,0,0,3759
H0,3,capture_1_detections.pkl,3840,7.5,0.36036036036036034,7.485359963628577,0.5978740326420191,-0.014640036371423193,0.23751367228165876,0.16113227363067767,0.04690094283917437,3.265573940968396e-05,9.554093271386028e-08,3.9003543904340645e-06,7.144355498584338e-06,0.030086797077716766,2.885041889122059e-07,1.7187259422844387e-10,6.597382431614597e-05,5.627066138949587e-09,0,0,0,0,0,0
H0,4,capture_1_detections.pkl,4475,15.0,0.36036036036036034,14.196663777379934,0.5708037746527793,-0.8033362226200662,0.21044341429241897,0.6145788812225814,0.0957195220548597,0.00013739654709195943,2.3339901803905454e-07,7.999134421331265e-06,0.021511636219118644,0.02361942966349335,1.1970126142506836e-05,5.326612721101377e-10,5.015398472457228e-05,1.0611645758452965e-08,0,0,0,0,0,3
H0,5,capture_2_detections.pkl,3680,-15.0,4.0,-14.617756178939782,3.6441863556209517,0.3822438210602179,-0.3558136443790483,0.11431571625597958,0.15835091089662115,0.00031058822514466397,3.9773626765489234e-07,1.2027176600759715e-05,0.004870344624623138,0.06752178641402455,6.924845047915738e-06,1.4894889938096773e-10,0.00010314041453933768,2.054971247060389e-09,0,0,0,0,0,1
H0,6,capture_2_detections.pkl,4000,-7.5,4.0,-7.646539488004052,4.291693049372015,-0.14653948800405203,0.29169304937201534,0.14475984742299167,0.13843086793328738,0.00017948718033836738,1.0721057524431842e-07,9.146526184812478e-06,0.0007157940514831203,0.04537857869437397,2.4424816980108054e-06,1.5211601128347194e-10,7.778995070268183e-05,2.67141800943236e-10,0,0,0,0,0,3877
H0,7,capture_2_detections.pkl,3920,0.0,4.0,-0.39206327926028206,4.0109725276103765,-0.39206327926028206,0.010972527610376481,0.04308039145102079,0.14047046988754516,1.1316081336073619e-07,1.6044071830113783e-07,1.6754027957596073e-07,0.005123787164810861,6.421139315223211e-05,6.667940553484715e-06,1.9897838405898818e-10,3.0788362981250617e-06,4.733143625625009e-10,0,0,0,0,0,2308
H0,8,capture_2_detections.pkl,3920,7.5,4.0,6.897897427500941,3.4936568032247033,-0.6021025724990592,-0.5063431967752967,0.1603069837621778,0.32815715094870507,0.0006544644210792639,7.600997703177513e-07,1.7461245784396573e-05,0.01208425026033354,0.13673783089099573,1.0239800153722671e-05,1.699010635001086e-10,0.00013778332718040578,4.0762751118377584e-10,0,0,0,0,0,269
H0,9,capture_2_detections.pkl,4076,15.0,4.0,14.609017212231779,4.2595388159098695,-0.3909827877682215,0.2595388159098695,0.20803342317001625,0.23857174079289378,0.0003286740506170092,4.871941802997681e-07,1.2372256515830842e-05,0.005095584677700615,0.035925545047406394,6.395430863369771e-06,1.5044791099682988e-10,6.794163693508526e-05,1.0299162298781028e-09,0,0,0,0,0,3570
H0,15,capture_4_detections.pkl,3798,-15.0,2.0,-14.978539943837104,2.09170474541526,0.021460056162895924,0.09170474541526019,0.21965017531952577,0.10696395950737468,1.3555621255944468e-05,2.5116010488014136e-08,2.51328426043338e-06,1.535113368389782e-05,0.004485205510227751,4.0742553581605504e-07,1.2796207624370067e-07,2.5793543747666486e-05,5.844422588879021e-07,0,0,0,0,0,0
H0,16,capture_4_detections.pkl,3840,-7.5,2.0,-7.493958560897365,2.5437615918383667,0.006041439102634882,0.5437615918383667,0.14812958676961463,0.09132042019975803,0.0004563970211922877,1.9964111975427702e-08,1.459026739908162e-05,1.21663288102855e-06,0.15769422333791913,1.0588057340429806e-07,6.089847032383844e-10,0.00015104642651882593,7.99251583736467e-10,0,0,0,0,0,0
H0,17,capture_4_detections.pkl,4080,0.0,2.0,0.04768068857549606,1.870013693291707,0.04768068857549606,-0.12998630670829292,0.05950188269985407,0.30822610698761227,2.1245165355465246e-05,1.8745129083605783e-08,3.1466318650902716e-06,7.578160210111503e-05,0.009011434630220345,7.798066453947603e-07,6.413943172105562e-10,3.398932834274248e-05,7.616870479481636e-10,0,0,0,0,0,0
H0,18,capture_4_detections.pkl,3920,7.5,2.0,8.232738648554815,1.826724717812906,0.7327386485548146,-0.17327528218709398,0.312332011822619,0.13591421590500394,7.65224700510616e-05,1.5212798351524034e-07,5.969962789631979e-06,0.017896864236198216,0.016012972489076165,1.2462431051014083e-05,9.660509368731925e-09,4.715834355434132e-05,1.5921316109171722e-07,0,0,0,0,0,0
H0,19,capture_4_detections.pkl,3432,15.0,2.0,16.040742737562336,1.8249184012195927,1.0407427375623364,-0.1750815987804073,0.3291502977631245,0.08280219663009064,0.00015971404033083013,1.01459275470993e-07,8.62786373063275e-06,0.036104848192956965,0.016348568656801916,2.0217931640734857e-05,2.0051898098176937e-10,5.442538198694197e-05,2.3748786626735844e-09,0,0,0,0,0,0
FC0,0,capture_1_detections.pkl,3490,-15.0,0.36036036036036034,-15.17040028167742,0.3761778416115121,-0.17040028167741994,0.015817481251151733,0.37774381739451623,0.03676410772702604,2.112385077026449e-06,1.1339081483722575e-07,1.1661442773258234e-06,0.0007259063998934046,0.00010007708525220971,2.4655757272732747e-06,6.522224641697572e-09,3.492407429779922e-06,1.8208715363460328e-07,0,0,0,0,0,1236
FC0,1,capture_1_detections.pkl,4000,-7.5,0.36036036036036034,-7.550566886712347,0.36293733031157993,-0.05056688671234699,0.0025769699512195876,0.2932773336920995,0.05253270971935398,5.5156526758359804e-08,3.834360909541352e-08,1.853759732425729e-07,6.392525079447663e-05,2.656309651795931e-06,6.397214240157223e-07,7.189385314880348e-10,6.142249900262591e-07,3.1407708766435564e-08,0,0,0,0,0,1561
FC0,2,capture_1_detections.pkl,3840,0.0,0.36036036036036034,0.33023752730774997,0.2657221855343713,0.33023752730774997,-0.09463817482598902,0.0463814839552783,0.05675863195546293,2.438600520343869e-06,2.521579644280779e-07,1.2348659736515203e-06,0.0027264206110584237,0.0035825536537577385,4.3001745386032125e-06,2.0362468112534456e-10,1.971985812500684e-05,2.1013340276173448e-10,0,0,0,0,0,3486
FC0,3,capture_1_detections.pkl,3840,7.5,0.36036036036036034,7.479902019677959,0.6125291719858011,-0.02009798032204113,0.2521688116254408,0.15702088288984262,0.04633257746853301,2.8385387607640507e-05,7.182009117585577e-08,4.295370259345759e-06,1.0098220325621673e-05,0.02543564382263491,2.797357292055376e-07,1.716204848434275e-10,5.253366771811545e-05,3.903609870466958e-09,0,0,0,0,0,0
FC0,4,capture_1_detections.pkl,4475,15.0,0.36036036036036034,14.210533706410736,0.5826959728130512,-0.789466293589264,0.22233561245269085,0.608227637473703,0.09564246364940017,0.00010879715215119184,2.7980331439035615e-07,8.408163299221096e-06,0.015581425717838339,0.01977324982588535,8.819471268113944e-06,2.8576221275285126e-09,3.970204166174713e-05,4.89557907204353e-08,0,0,0,0,0,0
FC0,5,capture_2_detections.pkl,3680,-15.0,4.0,-14.63263069875475,3.61768071571824,0.36736930124524925,-0.3823192842817602,0.11255046766770711,0.15652196981756175,0.00027324267660653483,4.949263087319135e-07,1.3326110715803098e-05,0.0033740050874354693,0.05846721405348803,4.9900853241442315e-06,1.3679100433958271e-09,8.311660266790104e-05,1.804092674866349e-09,0,0,0,0,0,0
FC0,6,capture_2_detections.pkl,4000,-7.5,4.0,-7.646681474381984,4.251637666545909,-0.14668147438198442,0.2516376665459088,0.14426672982232921,0.13711703507957199,0.0001027004747252254,1.5109119381348636e-07,8.171800354581182e-06,0.0005378863731717862,0.025328606089869247,1.8341378456634749e-06,6.194395716127328e-10,5.033228339952026e-05,2.2846957993286652e-10,0,0,0,0,0,3841
FC0,7,capture_2_detections.pkl,3920,0.0,4.0,-0.39964828501271993,3.9754237677195516,-0.39964828501271993,-0.024576232280448362,0.042157205270668324,0.13907201838847674,1.5303869374431928e-06,1.7419956096738469e-07,9.818114154740946e-07,0.003992968792840197,0.00024159647724106447,5.098067057020661e-06,5.580593775154333e-10,5.047204895328088e-06,5.530633173799955e-10,0,0,0,0,0,1976
FC0,8,capture_2_detections.pkl,3920,7.5,4.0,6.913104043534121,3.475217986675613,-0.5868959564658791,-0.524782013324387,0.1498754519113915,0.3246958308299497,0.0005353360901275655,6.704624697951351e-07,1.8655131044941463e-05,0.008611171592900053,0.11015846460352144,7.485030539352697e-06,1.3927518171750326e-09,0.00010710112313292419,9.57543374076453e-10,0,0,0,0,0,258
FC0,9,capture_2_detections.pkl,4076,15.0,4.0,14.60214340599294,4.265898941281814,-0.3978565940070595,0.26589894128181424,0.19479657204722794,0.2357494608046902,0.00026819040643303476,4.3635807879008654e-07,1.3201053621913314e-05,0.003957246734872631,0.028280898789916062,4.881925068521988e-06,1.3789205500163186e-09,5.2201612742356756e-05,1.6923869107180406e-09,0,0,0,0,0,3613
FC0,10,capture_3_detections.pkl,3616,-15.0,3.0,-14.805719833227371,2.8848868270582964,0.1942801667726286,-0.11511317294170365,0.047448163049741476,0.27771727500736093,2.1781254637525204e-05,1.6423736458711333e-07,3.7603700477609277e-06,0.0009436195800297506,0.005300417033882588,2.6844547982914416e-06,2.0132495250789793e-09,2.5510993381914306e-05,6.758613256204412e-10,0,0,0,0,0,0
FC0,11,capture_3_detections.pkl,3913,-7.5,3.0,-7.521419771859177,3.4104287851729542,-0.021419771859177317,0.4104287851729542,0.057426813167712754,0.17229882673586513,0.0002388180814474162,1.2284290922383788e-07,1.2464617135913437e-05,1.1470165662474405e-05,0.0673807150794207,2.7372539848903933e-07,1.1076470653347229e-10,8.391363363289861e-05,1.7937794613160138e-10,0,0,0,0,0,0
FC0,12,capture_3_detections.pkl,3998,0.0,3.0,-0.18404316463360929,2.8334965718881495,-0.18404316463360929,-0.16650342811185048,0.025585324361221958,0.09502231054235459,3.622494947385549e-05,1.0513048374127783e-07,4.85191689230667e-06,0.0008467971612088493,0.01108935662920003,2.3003856847069267e-06,1.3408082418053914e-09,3.332347440615742e-05,4.340161870479524e-10,0,0,0,0,0,0
FC0,13,capture_3_detections.pkl,3758,7.5,3.0,7.511307596377179,2.9169478795027683,0.011307596377179152,-0.08305212049723165,0.0961654431577191,0.2676365749931735,1.1405187156428266e-05,5.4581552653318704e-08,2.722476834840265e-06,3.196543395722344e-06,0.002759061887634231,1.5663880962504205e-07,3.656844945715236e-09,1.771299444783993e-05,4.4094646495930187e-10,0,0,0,0,0,0
FC0,14,capture_3_detections.pkl,4160,15.0,3.0,14.948046590495613,3.0498071746538233,-0.05195340950438698,0.04980717465382334,0.3104288257359542,0.4241804073723721,7.539448929297952e-06,6.501254892917402e-08,2.2129383516895483e-06,6.747891897814322e-05,0.0009923018587987263,6.157191653616973e-07,1.2247947525250669e-08,9.66767929123228e-06,3.154980666645644e-09,0,0,0,0,0,0
FC0,15,capture_4_detections.pkl,3798,-15.0,2.0,-15.057475366746251,2.0857114859555264,-0.05747536674625131,0.08571148595552636,0.22184744335456147,0.10525202578539722,8.550657148371973e-06,6.807277122367805e-08,2.3571660444431784e-06,8.258544456536142e-05,0.002938583529882,7.680757787074558e-07,4.324195603918911e-08,1.8072668459802125e-05,1.8691654082311396e-07,0,0,0,0,0,0
FC0,16,capture_4_detections.pkl,3840,-7.5,2.0,-7.515036177972768,2.524377171287686,-0.01503617797276835,0.5243771712876861,0.14889669265592112,0.08998415997194581,0.0003232242290372311,1.1531413249474077e-07,1.4502654867784646e-05,5.652166200727783e-06,0.1099885671070716,1.9540836721034513e-07,4.998459863491327e-10,0.00010924667925630966,3.3477942055682496e-10,0,0,0,0,0,0
FC0,17,capture_4_detections.pkl,4080,0.0,2.0,0.06847839264299624,1.863143457975244,0.06847839264299624,-0.13685654202475606,0.05973621163695851,0.30333376514859517,1.7821085920172826e-05,9.30615099799057e-09,3.4040900325713944e-06,0.0001172322564742098,0.007491885237989455,8.414632290301039e-07,2.232984479295e-09,2.6838456284330326e-05,2.598285403333961e-10,0,0,0,0,0,0
FC0,18,capture_4_detections.pkl,3920,7.5,2.0,8.308679396536514,1.8299169813745892,0.8086793965365136,-0.17008301862541075,0.30908122419892164,0.13462206165924262,6.191107340992617e-05,2.2075868526360353e-07,6.342076283411883e-06,0.01634905915956606,0.011571293289892365,1.032106217735023e-05,1.5789721212818896e-08,3.4708234415473395e-05,1.7728016249378107e-07,0,0,0,0,0,0
FC0,19,capture_4_detections.pkl,3432,15.0,2.0,16.10875392263177,1.840805233684646,1.1087539226317702,-0.1591947663153539,0.32489122944888565,0.08400246926962228,0.00012532517534214897,1.824891373284775e-07,9.027170097034094e-06,0.030733381523782254,0.010137189448878894,1.6173504078395675e-05,1.9849634292963284e-08,3.71010501471435e-05,1.4839446848109319e-08,0,0,0,0,0,0
FF0,0,capture_1_detections.pkl,3490,-15.0,0.36036036036036034,-15.191800209184379,0.38202361496669607,-0.1918002091843789,0.021663254606335725,0.4022325413971622,0.03722759164597616,2.8930888775936435e-06,1.2921293839244166e-07,1.3650731446252071e-06,0.0009196830060793728,0.00018771864005558096,2.766884915191949e-06,3.532030182645071e-10,4.964891463916779e-06,3.423133733883653e-08,0,0,0,0,0,983
FF0,1,capture_1_detections.pkl,4000,-7.5,0.36036036036036034,-7.520264232789776,0.37848958186672693,-0.02026423278977596,0.01812922150636659,0.2984869910762319,0.05276823494989657,6.184424372355224e-08,1.6879298589209685e-08,1.9986651168683175e-07,1.026597826395488e-05,0.00013146746897076835,2.738609024256192e-07,3.6795480386968655e-10,3.6453957862384733e-06,3.122037357287903e-10,0,0,0,0,0,1398
FF0,2,capture_1_detections.pkl,3840,0.0,0.36036036036036034,0.37333202473278804,0.27501382265236174,0.37333202473278804,-0.0853465377079986,0.056294258475613215,0.05662348188211627,2.480432082493806e-06,2.9049823652213823e-07,1.2376910191960601e-06,0.0034844200172770815,0.002913612599497127,4.861381385928312e-06,2.7156143205587914e-10,1.778420177569295e-05,4.924130722959105e-10,0,0,0,0,0,3357
FF0,3,capture_1_detections.pkl,3840,7.5,0.36036036036036034,7.4090457388225275,0.5950009235417686,-0.09095426117747252,0.23464056318140825,0.18262055425023396,0.0455716862774722,2.7794315765014913e-05,1.2654448092326622e-08,4.251177413610152e-06,0.00020681694065852535,0.022022477556035265,1.1903083671143338e-06,1.3622239528771186e-10,4.8883053935303055e-05,2.8283202630071e-09,0,0,0,0,0,0
FF0,4,capture_1_detections.pkl,4475,15.0,0.36036036036036034,14.438614813995372,0.5328510329576781,-0.5613851860046282,0.17249067259731776,0.7246931053398955,0.09448629784460912,7.278346817004173e-05,2.0699445832098282e-07,6.8774558881828895e-06,0.007878833176636624,0.01190121285323001,6.273460601919214e-06,2.024106537035323e-09,3.08127258043347e-05,2.7109604164804886e-08,0,0,0,0,0,176
FF0,5,capture_2_detections.pkl,3680,-15.0,4.0,-14.748996718707582,3.616291397819453,0.25100328129241767,-0.38370860218054714,0.11978526871059382,0.14666145278911946,0.0002296916584219238,4.271025468549907e-07,1.2218237747261294e-05,0.0015750661804893927,0.05889291655494152,3.4108919436304673e-06,4.4026284653531085e-10,8.341835188611986e-05,1.3757189387189833e-09,0,0,0,0,0,0
FF0,6,capture_2_detections.pkl,4000,-7.5,4.0,-7.523640598532152,4.225643643343332,-0.02364059853215217,0.2256436433433322,0.14034309020097188,0.13423705171759287,7.919294702701305e-05,8.535087009562289e-08,7.176213060463375e-06,1.3971947473956731e-05,0.020366021512498594,2.9610183771741065e-07,3.219230910944566e-10,4.513321514540329e-05,4.3798692243813557e-10,0,0,0,0,0,3783
FF0,7,capture_2_detections.pkl,3920,0.0,4.0,-0.34241695121553006,3.96029611136377,-0.34241695121553006,-0.0397038886362302,0.03855005196712484,0.1370928639079383,2.837200367997909e-06,1.5295620092186997e-07,1.3491732752900443e-06,0.0029312342119934805,0.00063055950913555,4.368290812568783e-06,7.321789198817203e-10,8.122145521324726e-06,5.646936777330159e-10,0,0,0,0,0,1813
FF0,8,capture_2_detections.pkl,3920,7.5,4.0,7.1764349742962565,3.4919326164431674,-0.32356502570374346,-0.5080673835568326,0.10521893229607998,0.3082090735950735,0.0004306858729141229,5.372195329585884e-07,1.6732832110706685e-05,0.002617358146466403,0.10325298649371026,4.126901669779146e-06,3.283788448396615e-09,0.00010368678697045211,1.722444080360281e-07,0,0,0,0,0,257
FF0,9,capture_2_detections.pkl,4076,15.0,4.0,14.429837121249493,4.206846603783071,-0.5701628787505069,0.20684660378307118,0.13030411713328005,0.18448843702527326,0.00011816010724189824,1.5293939452579405e-07,8.76458074011123e-06,0.00812714270762582,0.01711420699863501,6.995334696037441e-06,1.180776087928962e-09,4.0610589063719446e-05,1.0523922256340581e-09,0,0,0,0,0,3593
FF0,10,capture_3_detections.pkl,3616,-15.0,3.0,-15.049824154791734,2.899630911181541,-0.04982415479173419,-0.10036908881845896,0.13465058937989385,0.28060090490965683,1.7141946779567517e-05,5.758861625347782e-08,3.3382804953160195e-06,6.206116001783801e-05,0.004029581596098867,6.922561504345064e-07,5.735668890509717e-10,2.2252808314539258e-05,1.8096051395529587e-09,0,0,0,0,0,0
FF0,11,capture_3_detections.pkl,3913,-7.5,3.0,-7.58111295037215,3.4005815416799927,-0.08111295037214994,0.4005815416799927,0.06301494271894442,0.16939289712329944,0.0002182299746067717,1.4642581153642556e-07,1.1914706314284602e-05,0.00016448276795185708,0.0641862286138906,1.036701918873839e-06,1.4670922095117824e-10,8.1900144562517e-05,3.931887299267551e-10,0,0,0,0,0,0
FF0,12,capture_3_detections.pkl,3998,0.0,3.0,-0.1043429610935429,2.829687277981148,-0.1043429610935429,-0.17031272201885184,0.05490459673204722,0.09614303759242994,3.955274064072177e-05,7.643471075655755e-08,5.070620387827061e-06,0.0002721863382442152,0.011602569312590212,1.3056176753357402e-06,3.650927362213206e-10,3.4085737583711606e-05,4.5854825100153017e-10,0,0,0,0,0,0
FF0,13,capture_3_detections.pkl,3758,7.5,3.0,7.7778104177857905,2.934181014376604,0.2778104177857905,-0.06581898562339594,0.29463161847711977,0.2925107598662809,5.105426180165563e-06,7.613066068515373e-08,1.8206374810126887e-06,0.0019294657057581208,0.0017328555473969333,3.6972947660959854e-06,1.1440572011182316e-09,1.4053869155543324e-05,5.705479091631735e-10,0,0,0,0,0,0
FF0,14,capture_3_detections.pkl,4160,15.0,3.0,15.336641809210628,3.1233076280347163,0.3366418092106276,0.12330762803471629,0.6703772506628872,0.4816543721932549,0.00012674689685317125,4.614886411691238e-07,9.069856425348063e-06,0.0028331926927148456,0.006081908452619355,4.051430970932876e-06,5.570332516713154e-09,2.375611035904055e-05,5.713081567451374e-08,0,0,0,0,0,0
FF0,15,capture_4_detections.pkl,3798,-15.0,2.0,-14.722452316592388,2.0603747400429984,0.2775476834076116,0.060374740042998365,0.23481832021442445,0.1058133826098143,6.437054842609876e-06,7.543864920439505e-08,2.044251575208159e-06,0.0019258179141226537,0.0014580436941038092,3.6557024551130506e-06,1.597638235306275e-09,1.2745677863170691e-05,3.0486745146075644e-09,0,0,0,0,0,0
FF0,16,capture_4_detections.pkl,3840,-7.5,2.0,-7.557755123978751,2.523998780569863,-0.057755123978751044,0.5239987805698632,0.14920215841668555,0.08935446414478586,0.0003190105517524189,1.3263142766066588e-07,1.4407645649543554e-05,8.33913586450508e-05,0.10982988881548161,7.521672361124846e-07,9.174775313043856e-11,0.00010916780801049138,3.4707864035272635e-10,0,0,0,0,0,0
FF0,17,capture_4_detections.pkl,4080,0.0,2.0,-0.1698260770475231,1.8565871745815001,-0.1698260770475231,-0.14341282541849987,0.09768571551320605,0.3017164549789761,2.0342169893424134e-05,8.839660145020524e-08,3.6355487252020963e-06,0.0007210224111337791,0.008226895397806874,2.0818954335236173e-06,6.569922319220309e-10,2.8123959315382887e-05,4.426927867545627e-10,0,0,0,0,0,0
FF0,18,capture_4_detections.pkl,3920,7.5,2.0,7.80582237303231,1.7667387200943132,0.30582237303230997,-0.2332612799056868,0.3456530045211851,0.131015520055427,6.059931521431966e-05,2.2118478536496058e-08,6.277564823021601e-06,0.002338183096178024,0.02176432988129599,3.9010328488374955e-06,5.651142455078376e-10,4.7609587217518234e-05,2.418706324526458e-09,0,0,0,0,0,0
FF0,19,capture_4_detections.pkl,3432,15.0,2.0,15.76468972749352,1.7095064618560214,0.7646897274935203,-0.2904935381439786,0.3684338632648477,0.08691383061451977,0.0001557816468434652,3.678966965124066e-08,1.0066236655121338e-05,0.014618759483350886,0.033754598281363006,1.1141957073779031e-05,7.648281467996545e-10,6.772227428265308e-05,4.397928335822172e-09,0,0,0,0,0,0
Hq,0,capture_1_detections.pkl,3490,-15.0,0.36036036036036034,-15.325807228329767,0.4118942930750154,-0.32580722832976683,0.05153393271465506,0.39834236526679834,0.035033862607916945,8.729072879856164e-06,2.3382625099288972e-07,2.004586030606303e-06,0.00353834500106416,0.0014163979845539538,6.238193183132148e-06,2.7083477183520236e-09,1.5907369132790685e-05,1.4494535875961582e-07,0,0,0,0,0,174
Hq,1,capture_1_detections.pkl,4000,-7.5,0.36036036036036034,-7.511177680198811,0.3525025198875147,-0.011177680198811046,-0.007857840472845656,0.318033147944295,0.05227048577389201,6.589523832136734e-08,1.1696951503106856e-08,1.748969091964712e-07,4.16468448756838e-06,3.293101701157192e-05,2.445227189325152e-07,6.435093878500811e-09,2.125029929675705e-06,3.10204502362161e-08,0,0,0,0,0,1747
Hq,2,capture_1_detections.pkl,3840,0.0,0.36036036036036034,0.5280466645299902,0.23412352533498074,0.5280466645299902,-0.1262368350253796,0.0464293162431353,0.05715864608167558,5.571822017742457e-06,3.961703246737189e-07,1.5632747286485602e-06,0.009294442664041594,0.008499060542519898,9.167097287635734e-06,4.188601130781467e-10,3.506872289446495e-05,2.2492950786406094e-09,0,0,0,0,0,3809
Hq,3,capture_1_detections.pkl,3840,7.5,0.36036036036036034,7.539835182367054,0.5747080481325149,0.03983518236705397,0.21434768777215452,0.15328378650530108,0.047423561607993436,2.4657738068877924e-05,1.1153067105758533e-07,3.3884964470923725e-06,5.289472514055295e-05,0.024503963335077046,7.067296408284714e-07,3.243414925152229e-09,5.954609292479974e-05,1.890421639867486e-09,0,0,0,0,0,0
Hq,4,capture_1_detections.pkl,4475,15.0,0.36036036036036034,13.978641642181637,0.5258784845974415,-1.0213583578183627,0.16551812423708112,0.5738228173544292,0.09834483993527313,0.00014859385938098785,3.4504840994660075e-07,8.315077362436428e-06,0.03477242983617893,0.014611333040512951,1.5213441409092095e-05,4.1467028835112185e-09,3.945761046875485e-05,2.904680306687964e-09,0,0,0,0,0,238
Hq,5,capture_2_detections.pkl,3680,-15.0,4.0,-14.910767259949235,3.658199654872621,0.08923274005076465,-0.3418003451273788,0.132158307181336,0.15827086799383555,0.00028300675892984543,2.962183633220686e-07,1.1482992860171543e-05,0.00026541606323210714,0.0623079871622381,1.5948466430793001e-06,2.2517990832621125e-08,9.907750875720169e-05,3.670454508949934e-09,0,0,0,0,0,6
Hq,6,capture_2_detections.pkl,4000,-7.5,4.0,-7.635303382753986,4.267432442747764,-0.13530338275398623,0.2674324427477641,0.15328608947620284,0.13723473135437517,0.00014917706884041553,9.944670798825802e-08,8.338288630288907e-06,0.000610233512822462,0.03814405943148746,2.2577100771000863e-06,2.8142378393356324e-09,7.13221840472164e-05,1.092174024520764e-09,0,0,0,0,0,3863
Hq,7,capture_2_detections.pkl,3920,0.0,4.0,-0.1980006260317511,4.01145633386083,-0.1980006260317511,0.01145633386082956,0.04180501372514348,0.14087968951170912,1.8082011117946085e-07,7.86263294627351e-08,2.7975938012361915e-07,0.0013068082636321888,6.99987122830771e-05,3.3641157919524186e-06,3.2636205009657144e-09,3.2091552203106145e-06,1.500048636721092e-09,0,0,0,0,0,2312
Hq,8,capture_2_detections.pkl,3920,7.5,4.0,7.029246953689975,3.5115006644177233,-0.47075304631002535,-0.48849933558227665,0.16415302914276647,0.3349404267586889,0.0006264823009390338,6.92715146696802e-07,1.708535002474001e-05,0.0073869476870053775,0.1272701871276376,8.003788773257723e-06,2.709116338960734e-09,0.00013292469492099556,3.1185166072113174e-09,0,0,0,0,0,282
Hq,9,capture_2_detections.pkl,4076,15.0,4.0,14.4727380736089,4.26072396649728,-0.5272619263911,0.26072396649728,0.21306954513631127,0.24678616269459383,0.00033557787159550474,4.2257178281867403e-07,1.2503863339970007e-05,0.009266837967387836,0.03625439290990705,8.622608204737761e-06,5.528483863036629e-09,6.825127225432486e-05,6.198646757819157e-09,0,0,0,0,0,3526
Hq,15,capture_4_detections.pkl,3798,-15.0,2.0,-15.058228310858482,2.1208523415280043,-0.05822831085848179,0.12085234152800428,0.22713716996325545,0.1074721732670391,2.342855458466119e-05,7.48134516454155e-08,3.303385580026859e-06,0.00011301787284793982,0.007789487174826834,1.0345219836617223e-06,1.5072114114900318e-07,3.397862567390095e-05,2.54323871906638e-07,0,0,0,0,0,0
Hq,16,capture_4_detections.pkl,3840,-7.5,2.0,-7.335313939028082,2.5354255642021206,0.16468606097191785,0.5354255642021206,0.15143338657879366,0.09044449394584658,0.0004336022692738615,4.40993127259663e-08,1.4221050298418164e-05,0.0009040499559482861,0.15289628522728183,2.8636219976687406e-06,4.482901465565401e-09,0.00014873376673232332,2.1216810833695516e-09,0,0,0,0,0,0
Hq,17,capture_4_detections.pkl,4080,0.0,2.0,0.2824297881743116,1.8649041198619907,0.2824297881743116,-0.13509588013800933,0.059207438024261705,0.3094796370506788,2.2175442701323886e-05,7.918102120394273e-08,3.213662085905504e-06,0.0026588861749395364,0.009733811642807936,4.618074513558654e-06,3.2203472971537806e-09,3.5323224225755964e-05,1.1300544764852163e-09,0,0,0,0,0,0
Hq,18,capture_4_detections.pkl,3920,7.5,2.0,8.29620735185756,1.8148780785707936,0.7962073518575608,-0.18512192142920636,0.30304670616753465,0.13814724201310893,8.853876275607871e-05,1.589482780122585e-07,6.421804969533046e-06,0.021131538238401738,0.018277400423275466,1.3538917195830846e-05,1.2992268422283807e-08,5.038991139632324e-05,1.6840192165246684e-07,0,0,0,0,0,0
Hq,19,capture_4_detections.pkl,3432,15.0,2.0,15.84821291041527,1.7814865505451323,0.8482129104152705,-0.21851344945486773,0.318452057282371,0.08333699503047083,0.0001519018358331692,2.6875363897916123e-08,8.414835378272253e-06,0.023982171379835708,0.025465668049420936,1.6471315059774018e-05,7.032909202799243e-09,6.79511501403956e-05,3.7875252750815465e-08,0,0,0,0,0,0
HqP,0,capture_1_detections.pkl,3490,-15.0,0.36036036036036034,-15.310680408845284,0.41032018989875474,-0.31068040884528436,0.049959829538394396,0.3969658969176537,0.035195276804013735,8.633037718943898e-06,2.3144225473721318e-07,1.9936470178919643e-06,0.0032174105480097634,0.0013311917693361883,6.1971251038109015e-06,9.380822187687384e-10,1.541217951088598e-05,1.266881741566612e-07,0,0,0,0,0,195
HqP,1,capture_1_detections.pkl,4000,-7.5,0.36036036036036034,-7.517849931101329,0.35352398670089746,-0.017849931101329375,-0.00683637365946288,0.3166596276105801,0.052362152729991285,6.317199644040687e-08,1.3240935934916846e-08,1.7112697439939446e-07,1.0620668010754988e-05,2.492586923296535e-05,2.7769117316770613e-07,5.465233571713864e-09,1.8631258751196554e-06,2.8981720219434653e-08,0,0,0,0,0,1722
HqP,2,capture_1_detections.pkl,3840,0.0,0.36036036036036034,0.5092950547804224,0.23531314717421903,0.5092950547804224,-0.12504721318614131,0.046494940109522195,0.05720736839063736,5.4906491940446335e-06,3.936643589695499e-07,1.5517501911956383e-06,0.00864604842745978,0.008339629613664206,9.102256605225028e-06,4.840588721591848e-10,3.473759738650732e-05,1.601347365965739e-09,0,0,0,0,0,3804
HqP,3,capture_1_detections.pkl,3840,7.5,0.36036036036036034,7.535097064581413,0.5752913833381688,0.035097064581412596,0.21493102297780842,0.1542730229760681,0.04741505587835809,2.4766415043963844e-05,1.1174760883189576e-07,3.3959566641096053e-06,4.106013140775315e-05,0.024637517140420076,7.10678176418143e-07,3.004687710743921e-09,5.970764387318362e-05,8.406374728244697e-10,0,0,0,0,0,0
HqP,4,capture_1_detections.pkl,4475,15.0,0.36036036036036034,14.008633193174424,0.5261470299115268,-0.9913668068255763,0.1657866695511665,0.5797246388484777,0.0983167525376641,0.00014860330478749185,3.419923726136412e-07,8.315470502510714e-06,0.032760271522517745,0.014658783893795877,1.5046402835414983e-05,4.297895448557717e-09,3.951571127511613e-05,6.12024592312308e-09,0,0,0,0,0,237
HqP,5,capture_2_detections.pkl,3680,-15.0,4.0,-14.884970497369345,3.6556891144882604,0.11502950263065514,-0.3443108855117396,0.13026832599248866,0.15791199529094901,0.0002857841051082311,2.9399792864264846e-07,1.1539329827176236e-05,0.0004410595491820267,0.06322665913700272,1.5774598082023924e-06,2.2790228824454746e-08,9.981211720897293e-05,3.598244497462564e-09,0,0,0,0,0,3
HqP,6,capture_2_detections.pkl,4000,-7.5,4.0,-7.632697103852992,4.268613912489181,-0.13269710385299227,0.2686139124891813,0.15243810817206174,0.13717368264609123,0.0001502536272489047,9.738021356678363e-08,8.36836371655712e-06,0.0005869507123656251,0.038481831457462014,2.1903910356772215e-06,1.901267551781721e-09,7.163458783544003e-05,1.5555682480449771e-09,0,0,0,0,0,3864
HqP,7,capture_2_detections.pkl,3920,0.0,4.0,-0.21127002874023346,4.0119383606612065,-0.21127002874023346,0.01193836066120646,0.04205735229562153,0.14084662869693776,1.9750617868504065e-07,7.637677577933712e-08,2.93890024261162e-07,0.0014878341681299602,7.60130428143658e-05,3.282605221726434e-06,2.9736204967906985e-09,3.3347370268756778e-06,5.513744675139423e-10,0,0,0,0,0,2316
HqP,8,capture_2_detections.pkl,3920,7.5,4.0,7.016867260893241,3.5103650155437722,-0.48313273910675925,-0.4896349844562278,0.1647457891324092,0.3347785985754439,0.000628910588252979,6.936010615343338e-07,1.7118485678870376e-05,0.007780574786560111,0.12786262293517658,8.011161232178301e-06,3.3747890986282084e-09,0.00013323586443556829,1.5476783313603973e-09,0,0,0,0,0,282
HqP,9,capture_2_detections.pkl,4076,15.0,4.0,14.478577521258043,4.260908048565804,-0.5214224787419575,0.2609080485658044,0.21366254342161548,0.24704673266168503,0.0003358352654666098,4.207990070075725e-07,1.2508718159795073e-05,0.009062713377911716,0.03630560523008786,8.73985212964279e-06,4.282513115950866e-09,6.830023798189933e-05,2.4740735190578163e-09,0,0,0,0,0,3526
HqP,15,capture_4_detections.pkl,3798,-15.0,2.0,-15.05387691964732,2.1200063764354153,-0.053876919647320776,0.12000637643541534,0.22601707387182465,0.10735018891713058,2.3012055911444334e-05,7.494383941800549e-08,3.2738703499400114e-06,9.675741568939179e-05,0.007680816205417811,1.080652165747369e-06,1.673184899946642e-08,3.3727665514418155e-05,1.28525374697814e-07,0,0,0,0,0,0
HqP,16,capture_4_detections.pkl,3840,-7.5,2.0,-7.3494843951943,2.5370554235174807,0.15051560480570014,0.5370554235174807,0.15117301711830655,0.09043722658331531,0.000436324119632999,4.407728315678937e-08,1.4265651797544206e-05,0.000755164909667443,0.1538285482290883,2.866145772029906e-06,2.195211019091034e-09,0.00014918420908360906,2.1830295538357848e-10,0,0,0,0,0,0
HqP,17,capture_4_detections.pkl,4080,0.0,2.0,0.2602189999810344,1.8658884113895318,0.2602189999810344,-0.13411158861046824,0.059524322611622736,0.30935469328945947,2.1827616917992412e-05,7.924710612048137e-08,3.1883399226159245e-06,0.0022571309317043244,0.009592489706465882,4.6016561545710225e-06,2.4368571453758934e-09,3.506645450043915e-05,5.212408131306009e-10,0,0,0,0,0,0
HqP,18,capture_4_detections.pkl,3920,7.5,2.0,8.28671565069577,1.8145155604952838,0.7867156506957702,-0.18548443950471616,0.30451541229096185,0.13804962627284148,8.867072977638249e-05,1.582700055993176e-07,6.426610551890154e-06,0.020630717168321835,0.018349054559135176,1.347052694329837e-05,1.7551069888042726e-09,5.0483295536436514e-05,6.236321882180841e-08,0,0,0,0,0,0
HqP,19,capture_4_detections.pkl,3432,15.0,2.0,15.865972505188834,1.781342531102646,0.8659725051888341,-0.21865746889735393,0.320377789449907,0.08327667301853206,0.00015293685251859646,2.708201639342068e-08,8.443462449566736e-06,0.024996945991433046,0.025499247309118143,1.6480353722414035e-05,3.6399039198396865e-09,6.800791027680715e-05,4.6789686827681265e-08,0,0,0,0,0,0
FCq,0,capture_1_detections.pkl,3490,-15.0,0.36036036036036034,-15.330750898754664,0.43045525917265204,-0.3307508987546637,0.0700948988122917,0.3949286821113175,0.03432347675649761,5.428679757682654e-06,2.3348765990931693e-07,1.863604682958657e-06,0.0027349039256754737,0.0019653179358021487,4.747820430817055e-06,1.275817747325378e-09,1.6060308657135382e-05,1.7890135087119443e-08,0,0,0,0,0,51
FCq,1,capture_1_detections.pkl,4000,-7.5,0.36036036036036034,-7.49740624914177,0.3692456384210861,0.002593750858229882,0.008885278060725754,0.31533053113024023,0.05118387427317494,3.899503652102787e-08,6.861144246929757e-09,1.5907118519024584e-07,1.6818858786363025e-07,3.157926648656774e-05,1.1638415830973014e-07,4.2230236176797955e-10,1.8241153884115163e-06,9.621946672778152e-09,0,0,0,0,0,1502
FCq,2,capture_1_detections.pkl,3840,0.0,0.36036036036036034,0.517400316458033,0.25136143448297943,0.517400316458033,-0.10899892587738091,0.045574887581211816,0.05631979931398394,2.9893980186766065e-06,4.020430812761603e-07,1.3370648132048609e-06,0.006692577186771808,0.004752306336969145,6.734269224048365e-06,2.737643154394138e-09,2.271352031107749e-05,3.1004625416565318e-09,0,0,0,0,0,3704
FCq,3,capture_1_detections.pkl,3840,7.5,0.36036036036036034,7.547285809940517,0.5861927412151898,0.0472858099405169,0.22583238085482948,0.14660297276478473,0.046968204522210975,2.095912213881047e-05,9.86656781367452e-08,3.690012386113086e-06,5.589869554325036e-05,0.02040010569702454,6.208797873156368e-07,1.64623783592059e-09,4.7063979369675046e-05,1.2983280899297103e-08,0,0,0,0,0,0
FCq,4,capture_1_detections.pkl,4475,15.0,0.36036036036036034,13.942604569566939,0.5369828426606916,-1.0573954304330613,0.17662248230033128,0.5549797937534657,0.09863044014133908,0.00012165690896420865,4.146863442419602e-07,8.887062511803786e-06,0.02795212740751797,0.012478200501572445,1.1805250883999322e-05,1.0099528410434953e-08,3.156440956760326e-05,1.367741441503481e-08,0,0,0,0,0,192
FCq,5,capture_2_detections.pkl,3680,-15.0,4.0,-14.965688151023343,3.6338183961635826,0.034311848976656734,-0.3661816038364174,0.13171263950956097,0.15694191330610396,0.0002490670533150486,3.780736685692303e-07,1.2725349254541374e-05,2.943257450486154e-05,0.05363558679528333,4.711033037232004e-07,4.546845869791484e-09,7.961802779320083e-05,7.60269784113618e-09,0,0,0,0,0,1
FCq,6,capture_2_detections.pkl,4000,-7.5,4.0,-7.651844109653213,4.223335393704526,-0.15184410965321327,0.22333539370452637,0.15423542502718676,0.13613639883199607,8.050261832835387e-05,1.448195504650095e-07,7.2345927713317755e-06,0.0005764158409093994,0.01995147923246454,1.8954193245593256e-06,2.655613948620695e-09,4.467264676592887e-05,6.063776068721479e-10,0,0,0,0,0,3766
FCq,7,capture_2_detections.pkl,3920,0.0,4.0,-0.20360336204173604,3.9741535295895556,-0.20360336204173604,-0.02584647041044441,0.0398185600168391,0.13954442283505228,1.281798206473543e-06,9.320613581233676e-08,9.078985724485466e-07,0.0010363582258674563,0.00026721601307120056,2.5981115079571727e-06,1.154151756735896e-09,5.304382110965029e-06,3.326266126152703e-10,0,0,0,0,0,1968
FCq,8,capture_2_detections.pkl,3920,7.5,4.0,7.056067547743042,3.499353189213989,-0.4439324522569583,-0.5006468107860109,0.14450465784163474,0.3313459458010999,0.00049996828709476,5.990541750471964e-07,1.8029396936350227e-05,0.004926900554171716,0.10025889166007869,5.665066528732628e-06,3.931129680320486e-09,0.00010219719291642171,3.026649062747519e-08,0,0,0,0,0,275
FCq,9,capture_2_detections.pkl,4076,15.0,4.0,14.431562190071041,4.282913387901105,-0.5684378099289589,0.28291338790110476,0.19008065836952298,0.2417736184088441,0.0003068678150443889,3.9330395826681307e-07,1.4124057254991532e-05,0.008078038593920376,0.03201599402147299,6.977876362093078e-06,5.348323524508689e-09,5.552962605033061e-05,1.5646649999163947e-08,0,0,0,0,0,3663
FCq,10,capture_3_detections.pkl,3616,-15.0,3.0,-15.02845451858796,2.9058872343223165,-0.02845451858796011,-0.09411276567768345,0.07955950161837747,0.27662680848959753,1.3986778931180508e-05,6.411576921785863e-08,3.0152455085718424e-06,2.0241490701859674e-05,0.0035428850654007195,3.9253828099710167e-07,2.6060981502172455e-09,2.0880272619631276e-05,5.160010547125621e-09,0,0,0,0,0,0
FCq,11,capture_3_detections.pkl,3913,-7.5,3.0,-7.428341120287531,3.388479055146,0.07165887971246931,0.388479055146,0.06563992985291744,0.1708802860021719,0.00021036785422990907,7.572079632669796e-08,1.1698400178985619e-05,0.0001283748760411982,0.06036639051485074,9.170329499326288e-07,1.3846332073155355e-09,7.942706147427657e-05,6.928036756666493e-10,0,0,0,0,0,0
FCq,12,capture_3_detections.pkl,3998,0.0,3.0,0.07622927269886022,2.829238809479447,0.07622927269886022,-0.17076119052055283,0.025535176103717843,0.09540977127482747,3.67953361600523e-05,2.944242800194135e-09,4.891448881229213e-06,0.00014527255040492967,0.011663753675198615,9.54208265679979e-07,8.310312572582038e-10,3.4174440551994165e-05,5.148776653712139e-10,0,0,0,0,0,0
FCq,13,capture_3_detections.pkl,3758,7.5,3.0,7.639364234138063,2.9306848655412763,0.1393642341380632,-0.06931513445872373,0.09241447254729629,0.27300079502564445,7.5308455993426976e-06,9.53419682182582e-09,2.212832235486617e-06,0.0004855597439221606,0.0019218351460125271,1.85818475705928e-06,4.5969633871152695e-09,1.479965694922096e-05,3.128489727112982e-09,0,0,0,0,0,0
FCq,14,capture_3_detections.pkl,4160,15.0,3.0,14.708809276367317,3.027130456046801,-0.29119072363268295,0.027130456046800866,0.2997776306582472,0.43048350964287435,1.1084696464506354e-06,8.52256030905225e-08,8.449583317821875e-07,0.0021198009382434745,0.00029442465812262004,3.4789134241483437e-06,2.729500497634589e-08,5.379973569448379e-06,1.0386109424951895e-08,0,0,0,0,0,0
FCq,15,capture_4_detections.pkl,3798,-15.0,2.0,-15.149594612638225,2.1149965728299325,-0.14959461263822504,0.11499657282993248,0.2301124855140761,0.10597735007415977,1.6157415005977562e-05,1.3329817222508264e-07,3.2390265779957618e-06,0.0005594637032593689,0.005289684705051863,1.976244234341072e-06,5.8572561158664524e-08,2.4250391222074274e-05,4.5353116680772295e-07,0,0,0,0,0,0
FCq,16,capture_4_detections.pkl,3840,-7.5,2.0,-7.329006200516945,2.510139873507983,0.17099379948305504,0.510139873507983,0.15267856991890824,0.08916037587341329,0.0002998716463047562,3.653891091422476e-08,1.3968663521406675e-05,0.0007309719865413112,0.10409707621709616,2.2264936286793805e-06,1.769494834370039e-10,0.00010628194995035168,1.0343190382919273e-09,0,0,0,0,0,0
FCq,17,capture_4_detections.pkl,4080,0.0,2.0,0.3569545988852835,1.8545207947101614,0.3569545988852835,-0.1454792052898386,0.05873556208124669,0.30520844770439426,1.938929279699046e-05,1.3066385971073518e-07,3.5487592934036364e-06,0.00318541464163384,0.00846567966870489,4.375903019693579e-06,1.475880793254441e-09,2.852940278518753e-05,6.510177549806845e-10,0,0,0,0,0,0
FCq,18,capture_4_detections.pkl,3920,7.5,2.0,8.41249132199026,1.8223380722717375,0.9124913219902595,-0.1776619277282625,0.29511263904057117,0.13763725703873694,7.10984810662518e-05,2.431324667119433e-07,6.796250503708955e-06,0.02081601031768804,0.012625504225649327,1.1651422239942294e-05,1.258043666850995e-08,3.6259464255355926e-05,8.465535895279703e-09,0,0,0,0,0,0
FCq,19,capture_4_detections.pkl,3432,15.0,2.0,15.890681247961732,1.807566882302082,0.8906812479617319,-0.19243311769791793,0.31110907314123837,0.08509711268859046,0.00010931285270174014,1.0014262447668098e-07,8.431486434302031e-06,0.019832827136766783,0.014812201914775508,1.2998009581802621e-05,2.1595972143748437e-08,4.4791594406731455e-05,7.033486294830158e-08,0,0,0,0,0,0
FFq,0,capture_1_detections.pkl,3490,-15.0,0.36036036036036034,-15.334190215024265,0.431609821776456,-0.3341902150242646,0.07124946141609567,0.417344569111702,0.035116306347928346,6.599492979189919e-06,2.360943476228782e-07,2.057366763351786e-06,0.0027920774954486,0.0020305943008335297,4.79983270337678e-06,5.128902654984829e-11,1.634110904045574e-05,9.691861018487861e-11,0,0,0,0,0,51
FFq,1,capture_1_detections.pkl,4000,-7.5,0.36036036036036034,-7.4739734752997915,0.3879910920201505,0.026026524700208498,0.02763073165979013,0.31656268562887974,0.05165576403618815,4.375889007362077e-07,1.908842864199426e-08,5.330032491723278e-07,1.693449969928141e-05,0.00030538293282213755,3.4404199109040396e-07,2.5418368291836273e-11,5.5391200208371305e-06,5.528146610052845e-10,0,0,0,0,0,1167
FFq,2,capture_1_detections.pkl,3840,0.0,0.36036036036036034,0.5362509209885907,0.26592904718365584,0.5362509209885907,-0.0944313131767045,0.053060823202880615,0.05637616610971292,3.047139528127713e-06,4.2194996460556685e-07,1.3451018736248011e-06,0.007189126256527783,0.0035669091633107287,6.982422481058185e-06,2.3351127960802768e-11,1.9677063242435155e-05,1.680210271772136e-10,0,0,0,0,0,3493
FFq,3,capture_1_detections.pkl,3840,7.5,0.36036036036036034,7.478137362177663,0.5742329119198836,-0.021862637822336772,0.21387255155952323,0.1727630860476894,0.04618560837577902,2.0706570433773054e-05,4.427044274406644e-08,3.6689235953127693e-06,1.194937331378132e-05,0.018296587324232345,3.0563840316949834e-07,3.3352880215662214e-11,4.455910027683488e-05,3.808964534294394e-10,0,0,0,0,0,0
FFq,4,capture_1_detections.pkl,4475,15.0,0.36036036036036034,14.2174684271438,0.4930884482538452,-0.7825315728562003,0.13272808789348484,0.6730372894227579,0.0976974746950718,8.879868709040024e-05,3.227090740584292e-07,7.593619010499982e-06,0.015308891562919135,0.0070466981263440365,8.745076613111105e-06,2.887145730891477e-11,2.3731013313701785e-05,3.0867759441097916e-10,0,0,0,0,0,335
FFq,5,capture_2_detections.pkl,3680,-15.0,4.0,-15.024906049183649,3.6330644349707346,-0.024906049183648804,-0.3669355650292654,0.11816335774298921,0.14712345252894404,0.00021899319113145773,3.352894474547017e-07,1.1932407296213072e-05,1.550778214845612e-05,0.05385668355333914,3.387198837866195e-07,1.9715651255190396e-11,7.977363200160011e-05,1.8193029167695962e-11,0,0,0,0,0,0
FFq,6,capture_2_detections.pkl,4000,-7.5,4.0,-7.544360833902606,4.1981554726586845,-0.04436083390260581,0.1981554726586845,0.14733091406778231,0.13329438087825315,6.021881710449436e-05,8.547905705215303e-08,6.257498884247562e-06,4.9197089613338915e-05,0.015706236537835504,5.545757903743314e-07,3.3515655979514576e-12,3.963662540805769e-05,1.6822488121028886e-12,0,0,0,0,0,3708
FFq,7,capture_2_detections.pkl,3920,0.0,4.0,-0.1727801809556311,3.954569899657631,-0.1727801809556311,-0.04543010034236916,0.03961346274054419,0.13673358854035145,3.234138995628089e-06,8.45507356391105e-08,1.447398123045006e-06,0.0007463247732765203,0.0008255576068471406,2.2038337847501202e-06,8.166334830107307e-13,9.287772705771614e-06,4.315484731132413e-12,0,0,0,0,0,1736
FFq,8,capture_2_detections.pkl,3920,7.5,4.0,7.287745856602079,3.5124321730055286,-0.2122541433979208,-0.48756782699447143,0.10492423381799407,0.31218620063571456,0.0004058050695341106,4.819643582079477e-07,1.624313517722427e-05,0.0011262955347397317,0.09508895436804571,2.7073059156050723e-06,2.410511726102588e-11,9.950544868716668e-05,1.893173125179883e-11,0,0,0,0,0,266
FFq,9,capture_2_detections.pkl,4076,15.0,4.0,14.268437032042481,4.228645496185463,-0.7315629679575189,0.2286454961854627,0.12326213889780632,0.19048794188926088,0.00015277230577968274,1.416978433970076e-07,9.96697912285749e-06,0.013379609402170341,0.02091150517035906,8.973988447071385e-06,4.787570002341439e-11,4.488763474970242e-05,2.264587477664455e-11,0,0,0,0,0,3679
FFq,10,capture_3_detections.pkl,3616,-15.0,3.0,-15.24543954104556,2.922668413165851,-0.24543954104555965,-0.07733158683414887,0.14484643481905085,0.2785263373756635,7.715162494410996e-06,5.1968391180781456e-08,2.2389888931374827e-06,0.0015060142077168096,0.0023920697289145903,3.3944728501377308e-06,7.013030532883727e-11,1.7172135560277604e-05,7.54890985562476e-11,0,0,0,0,0,0
FFq,11,capture_3_detections.pkl,3913,-7.5,3.0,-7.4770380281045155,3.3793522302376875,0.022961971895484545,0.3793522302376875,0.0590997025685469,0.1679417176203452,0.00019397111353752246,9.582583519231928e-08,1.1232923096606073e-05,1.3181303833232689e-05,0.0575632458345215,2.935593370893224e-07,2.658069624779946e-12,7.756039404852465e-05,1.4655523490708773e-11,0,0,0,0,0,0
FFq,12,capture_3_detections.pkl,3998,0.0,3.0,0.1475921985711994,2.825896738980849,0.1475921985711994,-0.17410326101915086,0.055704969484070194,0.09662786426287472,3.6668503529304185e-05,2.6909010980617097e-08,4.883037092349175e-06,0.0005445864269770102,0.012124778199000593,1.8460621586457378e-06,6.806326124253962e-12,3.4843750701825035e-05,4.525465252183467e-11,0,0,0,0,0,0
FFq,13,capture_3_detections.pkl,3758,7.5,3.0,7.8915074682540025,2.948401426738925,0.3915074682540025,-0.051598573261074865,0.27700545834388757,0.29641720512388287,2.6146522914899687e-06,1.3230079750210882e-07,1.2975794584656124e-06,0.003831952442466886,0.0010649651050309088,5.2093560965824804e-06,5.0779301334712207e-11,1.1040140868749719e-05,1.748180542936361e-10,0,0,0,0,0,0
FFq,14,capture_3_detections.pkl,4160,15.0,3.0,15.074246028437003,3.1004419752591694,0.07424602843700256,0.10044197525916942,0.636444250489192,0.49006292358674486,6.202890641727167e-05,2.5528553227350604e-07,6.345857252239629e-06,0.00013781181846667844,0.00403543615758594,9.039919450167674e-07,8.89253671196572e-11,1.9369125797708232e-05,1.842250323288246e-10,0,0,0,0,0,0
FFq,15,capture_4_detections.pkl,3798,-15.0,2.0,-14.836295790973931,2.090469186702451,0.16370420902606853,0.09046918670245097,0.24601544271533343,0.10742777137692092,9.937433349700493e-06,1.790281590880364e-08,2.5418192779079205e-06,0.0006699767013212683,0.0032738694970410108,2.1571553925804406e-06,3.401525552416689e-11,1.9076081928162044e-05,1.3554996917710362e-10,0,0,0,0,0,0
FFq,16,capture_4_detections.pkl,3840,-7.5,2.0,-7.388609015973564,2.5121886627913077,0.11139098402643643,0.5121886627913077,0.15291715374634943,0.08826232545095887,0.00029554300782957314,6.198282583306367e-08,1.3867400342980117e-05,0.0003101987830594949,0.10493489051678005,1.4504244494081005e-06,8.94951476273682e-12,0.00010670768432201135,2.6742178640285402e-11,0,0,0,0,0,0
FFq,17,capture_4_detections.pkl,4080,0.0,2.0,0.07142852443237037,1.8497597931513494,0.07142852443237037,-0.15024020684865058,0.10048231126534432,0.30264062063323793,2.1179970667258676e-05,1.124989865324691e-08,3.711063930548628e-06,0.00012755085256464416,0.009028847901570393,8.754183062582609e-07,2.738029739807001e-11,2.9462173200703827e-05,5.7738348860437547e-11,0,0,0,0,0,0
FFq,18,capture_4_detections.pkl,3920,7.5,2.0,7.920351346800219,1.7615432712573666,0.4203513468002189,-0.23845672874263335,0.3329671416984351,0.13343962824191608,7.16073717866087e-05,5.5815818211087185e-08,6.823973557779303e-06,0.004417381368919507,0.0227446445930547,5.362055410245806e-06,1.106193176416302e-10,4.8667272476716774e-05,3.8674061193470543e-10,0,0,0,0,0,0
FFq,19,capture_4_detections.pkl,3432,15.0,2.0,15.60430571506442,1.6860730488878015,0.6043057150644202,-0.3139269511121985,0.3524539539122161,0.08781101379155683,0.0001426792133283283,2.753637738943988e-08,9.633320142201117e-06,0.009129634931487952,0.03942005225383986,8.806222090142966e-06,1.6090038515015832e-10,7.318044267903637e-05,5.585058631001758e-10,0,0,0,0,0,0
