A,A_std,calibration_converged,demand,fixation,fold,model,nominal_theta,role,theta,theta_std
0.0016325637615855495,0.006593845669286577,True,0.36036036036036034,0,full_development,conditional27,-10.0,training,-8.84591076288563,0.050241928429203456
0.026314818845915425,0.009751361462508747,True,0.36036036036036034,1,full_development,conditional27,-5.0,training,-4.876887936892143,0.02153717995521197
0.03168725492520181,0.012140044876850158,True,0.36036036036036034,2,full_development,conditional27,0.0,training,-0.7828757304489518,0.026968205328814394
0.08584826806020672,0.0189665500060701,True,0.36036036036036034,3,full_development,conditional27,5.0,training,4.214267291211571,0.04368434358395631
0.1980094243814562,0.008844944437961012,True,0.36036036036036034,4,full_development,conditional27,10.0,training,13.391332472571364,0.8269844195386599
0.26889155851193314,0.014471390325848368,True,4.0,5,full_development,conditional27,-10.0,training,-8.96744926094735,0.08764012862210682
0.33882698781367626,0.005394045519893647,True,4.0,6,full_development,conditional27,-5.0,training,-5.7490455307543895,0.06732831319058226
0.3613891603820093,0.00904758520262123,True,4.0,7,full_development,conditional27,0.0,training,-2.412899808596489,0.07420550246021666
0.41194971283165743,0.013828971085763324,True,4.0,8,full_development,conditional27,5.0,training,1.2687052913072194,0.07531043241276086
0.3730080687372259,0.021045060422496653,True,4.0,9,full_development,conditional27,10.0,training,5.900431658606629,0.08595192825085957
0.22704743714651435,0.013208065370626503,True,3.0,10,full_development,conditional27,-10.0,training,-8.780869105976775,0.2235574946137032
0.3397748757746204,0.024792692597917037,True,3.0,11,full_development,conditional27,-5.0,training,-5.416925790527117,0.08289731860353103
0.2972004547328643,0.012554837577958498,True,3.0,12,full_development,conditional27,0.0,training,-1.9621734073515174,0.24253663606526263
0.2982085662066254,0.016651837646497126,True,3.0,13,full_development,conditional27,5.0,training,2.1907299810956893,0.11988604345449692
0.3143620132824245,0.017098536858074873,True,3.0,14,full_development,conditional27,10.0,training,7.316725691655342,0.048906498108260844
0.1172836866828433,0.013245251763751142,True,2.0,15,full_development,conditional27,-10.0,training,-8.60937846141621,0.05425896638080336
0.18973284610704785,0.012285417878202592,True,2.0,16,full_development,conditional27,-5.0,training,-4.969889252257544,0.022626236044770837
0.18072273577712897,0.02745058626255574,True,2.0,17,full_development,conditional27,0.0,training,-1.2351400204814371,0.08284496662421247
0.2075938268005658,0.010614524948990334,True,2.0,18,full_development,conditional27,5.0,training,3.178505869114615,0.06885424736577034
0.5065047521704494,1.2285720161284113,True,2.0,19,full_development,conditional27,10.0,training,9.844170796407857,2.2741445507842384
0.023379384665547936,0.04284544974578586,True,0.36036036036036034,0,full_development,conditional37,-10.0,training,-9.509785975060433,0.05707626679474894
0.017676466588295987,0.015060381237203371,True,0.36036036036036034,1,full_development,conditional37,-5.0,training,-4.815934598698639,0.025038524340927206
0.0012550637085587864,0.005493403408233691,True,0.36036036036036034,2,full_development,conditional37,0.0,training,-0.37856273823397885,0.025345349810464168
0.08506936095411076,0.03020652439771815,True,0.36036036036036034,3,full_development,conditional37,5.0,training,4.629877806894988,0.03673613123883229
0.407799734956703,0.015325037270540232,True,0.36036036036036034,4,full_development,conditional37,10.0,training,11.859571327508087,0.18849990622337648
0.44249818547258657,0.049289702693090805,True,4.0,5,full_development,conditional37,-10.0,training,-9.573333986403648,0.1123761703869452
0.5837690970845748,0.013592475949320074,True,4.0,6,full_development,conditional37,-5.0,training,-5.747832624725899,0.07733266972095265
0.6593799763770793,0.015273195115433518,True,4.0,7,full_development,conditional37,0.0,training,-1.9930601506638732,0.08065337775786503
0.8842462703343089,0.03251629159514446,True,4.0,8,full_development,conditional37,5.0,training,2.118465278066744,0.08775700188812409
0.8139423401240035,0.045494098617355185,True,4.0,9,full_development,conditional37,10.0,training,6.9397848417251655,0.1092895864475547
0.4352211341800693,0.033882524136422086,True,3.0,10,full_development,conditional37,-10.0,training,-9.377433585213984,0.2752961640038256
0.6004642054011824,0.049838888787129894,True,3.0,11,full_development,conditional37,-5.0,training,-5.370636400877636,0.0972647318019428
0.5134700779587293,0.025268348790808925,True,3.0,12,full_development,conditional37,0.0,training,-1.5377491905736236,0.2655118772406805
0.5921695749735487,0.02553925618577257,True,3.0,13,full_development,conditional37,5.0,training,2.9390789965072712,0.12555657491269293
0.6580610113504135,0.03653219083144131,True,3.0,14,full_development,conditional37,10.0,training,8.149433618463117,0.0837324519117671
0.2483892935114441,0.022447785805733412,True,2.0,15,full_development,conditional37,-10.0,training,-9.200329771710285,0.06600366071093486
0.31031944768537295,0.023560124805412322,True,2.0,16,full_development,conditional37,-5.0,training,-4.900236423717642,0.024033096556681722
0.2775698562834608,0.036594116303751006,True,2.0,17,full_development,conditional37,0.0,training,-0.8059153665277913,0.08812275284493865
0.36857411599103296,0.021164342109077944,True,2.0,18,full_development,conditional37,5.0,training,3.8160335613967042,0.06207583754351886
0.745357145788566,1.17566430304124,True,2.0,19,full_development,conditional37,10.0,training,10.195672479368877,2.1967263888671384
0.18087710503176543,0.01824701125562093,True,0.36036036036036034,0,full_development,two_channel13,-10.0,training,-10.039851117309855,0.07012996223482827
0.5880323602041055,0.05656281122584069,True,0.36036036036036034,1,full_development,two_channel13,-5.0,training,-4.965943985150798,0.03265186999312282
0.4876696107758008,0.03503513896647457,True,0.36036036036036034,2,full_development,two_channel13,0.0,training,0.009667524149497593,0.03714427876383889
0.23015888446410324,0.04888428188354582,True,0.36036036036036034,3,full_development,two_channel13,5.0,training,5.202831670705721,0.05274029834533508
0.02341056030512954,0.014897843168460954,True,0.36036036036036034,4,full_development,two_channel13,10.0,training,10.729817190325582,0.1404912198338604
1.9917567210527432,0.18491727034297967,True,4.0,5,full_development,two_channel13,-10.0,training,-10.302801385894254,0.14671415917495542
3.8767831035269937,0.08475993306536617,True,4.0,6,full_development,two_channel13,-5.0,training,-4.790849105802035,0.11140266568099008
3.9652224872015522,0.1114516547983361,True,4.0,7,full_development,two_channel13,0.0,training,0.22666148789526,0.09745117947814319
3.3361477147694636,0.09265169864302882,True,4.0,8,full_development,two_channel13,5.0,training,5.0373460923975735,0.13593171739349155
1.5865612398595341,0.07194988460930833,True,4.0,9,full_development,two_channel13,10.0,training,8.992427593288989,0.10708043912793107
1.5363168913058445,0.13878636144533163,True,3.0,10,full_development,two_channel13,-10.0,training,-10.091900641590028,0.3414470754458216
3.5124005517679304,0.35698206808559524,True,3.0,11,full_development,two_channel13,-5.0,training,-4.520616799435549,0.2771232647670467
2.86289340218022,0.15468826350279338,True,3.0,12,full_development,two_channel13,0.0,training,0.002499308874183463,0.31093264879949706
2.0753862543502084,0.053830956581076395,True,3.0,13,full_development,two_channel13,5.0,training,4.970237949583127,0.16069783559266917
0.9755907464637008,0.043713005303318286,True,3.0,14,full_development,two_channel13,10.0,training,9.396744691874082,0.10624620615866211
0.8060293731223473,0.08417034855759632,True,2.0,15,full_development,two_channel13,-10.0,training,-9.88256462769158,0.07736495234603577
1.7081040669991208,0.11999137638187556,True,2.0,16,full_development,two_channel13,-5.0,training,-4.7646872945996925,0.04601858119798694
1.6676486388771747,0.09841501104593614,True,2.0,17,full_development,two_channel13,0.0,training,0.16996557430341208,0.12949553682557655
1.135992368135457,0.0893089648850151,True,2.0,18,full_development,two_channel13,5.0,training,5.148574977211667,0.07666379204367811
0.7439950284909592,1.1756689068742052,True,2.0,19,full_development,two_channel13,10.0,training,10.668702457493344,2.0888710357858224
