model,fixation,band,corr,corr_observations_d_rho4,var_share_A,slope_deg_per_D,pred_slope_via_rho4,pred_slope_via_d,A_share_from_rho4,var_share_theta,theta_share_from_rho4
H3,10,slow,-0.9521021142355957,-0.5902321177058926,0.9466269961153435,-0.29710220742359983,-0.39968522079575924,-8.351543689084423,0.9519594587659594,0.7393728640043505,1.1651391787651904
H3,10,mid,-0.6041131477740721,0.021745718035902882,0.024539825085926392,-0.39491070257515093,-0.39968522079575924,-8.351543689084423,0.9338770950632923,0.08411483914921183,0.32125368319860004
H3,10,fast,-0.6899253674642495,0.36312226872227377,0.028833178798730156,-0.6027307825719753,-0.39968522079575924,-8.351543689084423,0.8704541082889693,0.1765122968464378,0.26137912937936897
H3,11,slow,-0.29115823984440525,0.493328383218243,0.9533480594267242,-0.0667701639999545,0.07052901615134616,-27.069074658083007,1.023702974085216,0.5960711952933665,-0.08812997200947281
H3,11,mid,0.1430517230943925,-0.06737559976741335,0.0368175832263786,0.10202102586671287,0.07052901615134616,-27.069074658083007,0.9980201385789642,0.2226324143591529,0.01648265863237821
H3,11,fast,-0.03233952561420116,0.040303690267234724,0.009834357346897134,-0.040270337053417815,0.07052901615134616,-27.069074658083007,1.0051322300447054,0.1812963903474806,0.0007952811546251857
H3,12,slow,0.684049157295454,0.7434935229314737,0.7855264338244298,0.1908441384167725,0.4067378804324047,17.035439816052985,1.0219932782992744,0.5700052472357503,0.9985263443611971
H3,12,mid,0.5544090544150408,0.45515526438952897,0.18626889935535856,0.23627687063748742,0.4067378804324047,17.035439816052985,0.9939621917085484,0.31539671292633925,0.5119132248635703
H3,12,fast,0.7326515466182665,-0.14058895943895663,0.028204666820211718,0.4836799300847805,0.4067378804324047,17.035439816052985,0.9962961936066963,0.11459803983791039,0.43905259084413434
H3,13,slow,0.9470602334047707,0.653686847130463,0.9097997928705986,0.6022249033662003,0.7653160355564566,6.663703658995223,1.0497914157356194,0.8800750323257871,1.1853990428850802
H3,13,mid,0.8192634362185851,0.4881535746827042,0.07765338156840035,0.5925998167373914,0.7653160355564566,6.663703658995223,1.0205314152785034,0.09719588997417025,0.8079815322418598
H3,13,fast,0.9184884732051842,-0.06167226038684114,0.012546825561001096,0.7992669647970798,0.7653160355564566,6.663703658995223,0.9643208070765219,0.022729077700042604,0.7637849225804724
H3,14,slow,0.9755047849132481,0.11913582844986381,0.9219617987414345,0.9826547501500433,1.0109910122191004,4.84310202603961,0.9848719799777669,0.733266801256956,0.9575410838053824
H3,14,mid,0.20057349158085025,0.669372074793226,0.03955843564680745,0.4249027206616158,1.0109910122191004,4.84310202603961,1.1391766194182111,0.13914802660982367,-0.15669433812259287
H3,14,fast,0.8919831183454071,-0.4651756810099863,0.03847976561175798,1.834583713589509,1.0109910122191004,4.84310202603961,0.8325523329095483,0.1275851721332203,0.3205084248323823
Full,10,slow,-0.9549938643098279,-0.5902321177058926,0.9469527628296367,-0.3213039244318869,-0.4262411688714347,-9.536634427058235,0.9534006250926643,0.7442079148544186,1.1573194022914484
Full,10,mid,-0.6078049206624172,0.021745718035902882,0.024486833942944874,-0.4234296666858166,-0.4262411688714347,-9.536634427058235,0.9368849870551644,0.08250909991929886,0.3262812570242101
Full,10,fast,-0.6929486167571257,0.36312226872227377,0.028560403227418422,-0.6477826169075575,-0.4262411688714347,-9.536634427058235,0.8764136349969568,0.17328298522628266,0.26462898842711563
Full,11,slow,-0.31001641698149196,0.493328383218243,0.9533389691013654,-0.07322572078497964,0.06583348517557841,-34.49355070552259,1.0239102416190096,0.599944639877889,-0.0857232362071806
Full,11,mid,0.13992440020765862,-0.06737559976741335,0.03683495593013609,0.10186556551229349,0.06583348517557841,-34.49355070552259,0.998112872619849,0.22020843687215175,0.014293035039499061
Full,11,fast,-0.026736628654840142,0.040303690267234724,0.009826074968498529,-0.03405768784035987,0.06583348517557841,-34.49355070552259,1.0062275362188786,0.17984692324995924,0.0004834471343789056
Full,12,slow,0.6642310292280217,0.7434935229314737,0.7856745079436358,0.17929693375745698,0.39372694734429553,17.78446884231493,1.0212192645950604,0.5641653205239716,0.9689242447974207
Full,12,mid,0.5366814321674394,0.45515526438952897,0.18617095790053514,0.22390403092465888,0.39372694734429553,17.78446884231493,0.9935744308594898,0.3193441287374599,0.4900070199384925
Full,12,fast,0.7246141710640949,-0.14058895943895663,0.028154534155828956,0.46951539862602887,0.39372694734429553,17.78446884231493,0.9965499359007833,0.11649055073856855,0.42870151774092613
Full,13,slow,0.9438048685032792,0.653686847130463,0.9096446523204776,0.5759125501053796,0.737678259107571,6.921035606138203,1.0487126674856213,0.878521835702211,1.1858652448325087
Full,13,mid,0.8101425225239045,0.4881535746827042,0.07781900903536085,0.5657351623439757,0.737678259107571,6.921035606138203,1.0185191628901655,0.09842860185200636,0.7953406274753754
Full,13,fast,0.9144104533342828,-0.06167226038684114,0.012536338644161545,0.7698765684101919,0.737678259107571,6.921035606138203,0.9636601698595038,0.023049562445782646,0.7578829131603232
Full,14,slow,0.9747183724431392,0.11913582844986381,0.9224560091274335,0.9607517054341875,0.9904971738370922,4.919314260351387,0.9832010195144902,0.7319273298010007,0.9571660228056699
Full,14,mid,0.18179022119793672,0.669372074793226,0.039937481028988794,0.3772045967015108,0.9904971738370922,4.919314260351387,1.1408658896237724,0.14042740217494593,-0.15740016178229901
Full,14,fast,0.8864037877118441,-0.4651756810099863,0.037606509843577704,1.8070630690956915,0.9904971738370922,4.919314260351387,0.8425502832866543,0.1276452680240533,0.3196460969138404
H3-Full,10,corr_A_slow,0.9999998815159208,,,,,,,,
H3-Full,10,corr_theta_slow,0.9999522697142161,,,,,,,,
H3-Full,10,diff_theta_sd_slow,0.002389428977730622,,,,,,,,
H3-Full,10,diff_theta_sd_fast,0.0008942012697840569,,,,,,,,
H3-Full,10,diff_A_sd_slow,0.012083644140584342,,,,,,,,
H3-Full,10,diff_A_sd_fast,0.0032007352543128994,,,,,,,,
H3-Full,10,diff_theta_mean,-0.005458849529982355,,,,,,,,
H3-Full,10,diff_A_mean,0.017586563596566174,,,,,,,,
H3-Full,10,corr_difference,0.9885415741398953,,,,,,,,
H3-Full,11,corr_A_slow,0.9999978512158355,,,,,,,,
H3-Full,11,corr_theta_slow,0.9997590516355314,,,,,,,,
H3-Full,11,diff_theta_sd_slow,0.001032723554123406,,,,,,,,
H3-Full,11,diff_theta_sd_fast,0.00031858952069133156,,,,,,,,
H3-Full,11,diff_A_sd_slow,0.0049822949750656,,,,,,,,
H3-Full,11,diff_A_sd_fast,0.0011592449294341683,,,,,,,,
H3-Full,11,diff_theta_mean,-0.02066487376829453,,,,,,,,
H3-Full,11,diff_A_mean,-0.033963601221504325,,,,,,,,
H3-Full,11,corr_difference,0.9650905967206642,,,,,,,,
H3-Full,12,corr_A_slow,0.9999997562435787,,,,,,,,
H3-Full,12,corr_theta_slow,0.9996582699454591,,,,,,,,
H3-Full,12,diff_theta_sd_slow,0.0009652496696819723,,,,,,,,
H3-Full,12,diff_theta_sd_fast,0.000557123678467178,,,,,,,,
H3-Full,12,diff_A_sd_slow,0.00021210936487775123,,,,,,,,
H3-Full,12,diff_A_sd_fast,0.00010307655977835158,,,,,,,,
H3-Full,12,diff_theta_mean,0.012646155434034858,,,,,,,,
H3-Full,12,diff_A_mean,-0.05792806714174972,,,,,,,,
H3-Full,12,corr_difference,-0.8857958149764533,,,,,,,,
H3-Full,13,corr_A_slow,0.9999976017648353,,,,,,,,
H3-Full,13,corr_theta_slow,0.9999681797853259,,,,,,,,
H3-Full,13,diff_theta_sd_slow,0.004436459023491413,,,,,,,,
H3-Full,13,diff_theta_sd_fast,0.0013759085175189367,,,,,,,,
H3-Full,13,diff_A_sd_slow,0.003703859726253666,,,,,,,,
H3-Full,13,diff_A_sd_fast,0.0012878809541383603,,,,,,,,
H3-Full,13,diff_theta_mean,0.06086865000961912,,,,,,,,
H3-Full,13,diff_A_mean,-0.009197902929394921,,,,,,,,
H3-Full,13,corr_difference,-0.975252407654341,,,,,,,,
H3-Full,14,corr_A_slow,0.9999919346735684,,,,,,,,
H3-Full,14,corr_theta_slow,0.9999989009618273,,,,,,,,
H3-Full,14,diff_theta_sd_slow,0.0025613278661758628,,,,,,,,
H3-Full,14,diff_theta_sd_fast,0.0024388959592099068,,,,,,,,
H3-Full,14,diff_A_sd_slow,0.009520602428225706,,,,,,,,
H3-Full,14,diff_A_sd_fast,0.0029976944654571632,,,,,,,,
H3-Full,14,diff_theta_mean,0.028129501457214184,,,,,,,,
H3-Full,14,diff_A_mean,0.04910880102543133,,,,,,,,
H3-Full,14,corr_difference,0.6348012185143372,,,,,,,,
