variant,fold,model,calibration_converged,evaluation_complete,accepted,selected_start,initialization,solver_status,solver_message,acceptance_reason,selected_nfev,selected_cost,projected_stationarity_physical,inner_stationarity_scaled,optical_cost,anchor_cost,coefficient_prior_cost,training_equal_fixation_point_vector_rms_px,training_gaze_anchor_discrepancy_rms_deg,training_accommodation_demand_discrepancy_rms_D,training_state_shift_rms_theta_deg,training_state_shift_rms_A_D
anchor_strong,capture_1,conditional27,True,True,True,1,perturbed_nominal,-2,Stopped because `callback` function raised `StopIteration` or returned `True`,stable_step_cost_and_stationarity,20,1569.021665742529,0.0001949774822023187,3.1617539039178272e-12,1520.2614231812702,33.763043936387,14.997198624871242,1.804941667529594,0.2786368631657344,0.7548870700603781,0.37262986010950694,0.8136237292378345
anchor_strong,capture_1,conditional37,True,True,True,2,additional_training_states,-2,Stopped because `callback` function raised `StopIteration` or returned `True`,stable_step_cost_and_stationarity,22,1417.6698108133571,0.00012393758933715304,1.7889672494176762e-12,1365.8034392637608,32.3523924105193,19.51397913907779,1.7112784727398138,0.3201706567860553,0.6085470020147504,0.3113822578159902,0.89496323732254
anchor_strong,capture_2,conditional27,True,True,True,0,nominal,-2,Stopped because `callback` function raised `StopIteration` or returned `True`,stable_step_cost_and_stationarity,16,1267.3897004164824,0.000198446317009493,4.1892848414929576e-12,1216.4395497175503,34.22961047543333,16.720540223498205,1.5592761767245156,0.2911737599199106,0.7347018694310169,0.22286040077661268,0.38809140200399433
anchor_strong,capture_2,conditional37,True,True,True,1,perturbed_nominal,-2,Stopped because `callback` function raised `StopIteration` or returned `True`,stable_step_cost_and_stationarity,25,1104.4663257864975,9.817916085474998e-05,4.047835589786302e-12,1076.1975376633104,19.553327906049653,8.71546021713763,1.4747439414033958,0.21478883962696588,0.5680690643638205,0.22459278383490586,0.1954861417808079
anchor_strong,capture_3,conditional27,True,True,True,2,additional_training_states,-2,Stopped because `callback` function raised `StopIteration` or returned `True`,stable_step_cost_and_stationarity,15,2117.5345116013505,0.00011493074128354763,2.8484693790506844e-12,2083.4496945060764,14.972093272973105,19.112723822300136,2.000830839188487,0.19579831779609605,0.47777796302966713,0.1647416624948311,0.24250883523795233
anchor_strong,capture_3,conditional37,True,True,True,2,additional_training_states,-2,Stopped because `callback` function raised `StopIteration` or returned `True`,stable_step_cost_and_stationarity,27,2022.6506988904164,0.00019505066087077694,5.270143676679285e-12,1981.2316503591735,24.71558107918728,16.703467452055524,1.9562935240166224,0.19989057574978045,0.722935263017883,0.3351939053485728,0.6135667089601522
anchor_strong,capture_4,conditional27,True,True,True,2,additional_training_states,-2,Stopped because `callback` function raised `StopIteration` or returned `True`,stable_step_cost_and_stationarity,12,1653.3273088572091,0.00020660770798053285,2.2100648949031223e-12,1595.868074753153,32.27178239519668,25.187451708859598,1.8908782535669757,0.254203473880214,0.777574376841272,0.22852490555304772,0.22530830220503784
anchor_strong,capture_4,conditional37,True,True,True,3,additional_training_states,-2,Stopped because `callback` function raised `StopIteration` or returned `True`,stable_step_cost_and_stationarity,29,1517.9357812983044,0.00012264807474898082,1.8389828380351365e-12,1489.1205390447446,22.692557290399577,6.122684963160018,1.8303820567479154,0.2231481014129222,0.6308115372667086,0.4242450457234409,0.8077658745652655
anchor_strong,gaze_+0,conditional27,True,True,True,0,nominal,-2,Stopped because `callback` function raised `StopIteration` or returned `True`,stable_step_cost_and_stationarity,17,1964.5659962480734,6.41486342929376e-05,2.415276757737581e-12,1924.882186976799,24.960214059329935,14.723595211944435,1.9896026893291572,0.2647494859368718,0.5847477019664753,0.21396776504085208,0.2916163539095598
anchor_strong,gaze_+0,conditional37,True,True,True,1,perturbed_nominal,-2,Stopped because `callback` function raised `StopIteration` or returned `True`,stable_step_cost_and_stationarity,29,1774.429552071121,0.00011862586003674735,1.061128751237856e-12,1725.9737992279393,31.261172792609663,17.194580050571297,1.8807025120509953,0.2105275308438051,0.8366003478358821,0.18932769877717842,0.39411601032963406
anchor_strong,gaze_+10,conditional27,True,True,True,0,nominal,-2,Stopped because `callback` function raised `StopIteration` or returned `True`,stable_step_cost_and_stationarity,14,1773.0855505787238,7.202723998700478e-05,4.160779730098521e-12,1752.143864791785,12.45536880896082,8.486316977978307,1.9683975882707723,0.18777565707563793,0.41092233644735515,0.1411690377895433,0.27096556272151867
anchor_strong,gaze_+10,conditional37,True,True,True,2,additional_training_states,-2,Stopped because `callback` function raised `StopIteration` or returned `True`,stable_step_cost_and_stationarity,12,1651.0872536311863,0.00013244061759110082,3.6518013492573536e-12,1624.9327013670718,16.205135401810765,9.949416862304178,1.906631741245429,0.15365464652723765,0.5990405172526078,0.1073008750062423,0.27120685667547795
anchor_strong,gaze_+5,conditional27,True,True,True,1,perturbed_nominal,-2,Stopped because `callback` function raised `StopIteration` or returned `True`,stable_step_cost_and_stationarity,18,1967.7910309734405,0.0001118644588101736,2.0579148004969607e-12,1913.476540491417,27.114754109675417,27.1997363723484,1.980478916957123,0.2321764878510533,0.714439680088209,0.23008027481621116,0.24394478535417868
anchor_strong,gaze_+5,conditional37,True,True,True,0,nominal,-2,Stopped because `callback` function raised `StopIteration` or returned `True`,stable_step_cost_and_stationarity,18,1836.6135311426904,0.000122748410573692,1.6275280044638478e-12,1803.2675196295868,19.582151202332405,13.763860310770518,1.9253881258524073,0.151329460204262,0.6846995257316741,0.11717579230445956,0.21856636180657357
anchor_strong,gaze_-10,conditional27,True,True,True,0,nominal,-2,Stopped because `callback` function raised `StopIteration` or returned `True`,stable_step_cost_and_stationarity,17,1612.9713798105572,5.858213001230794e-05,4.19653962893382e-12,1562.2518030614483,25.869084592290328,24.850492156818753,1.731428941037143,0.219813258777204,0.7116334828547521,0.3333175380693335,0.4497172766926115
anchor_strong,gaze_-10,conditional37,True,True,True,2,additional_training_states,-2,Stopped because `callback` function raised `StopIteration` or returned `True`,stable_step_cost_and_stationarity,80,1391.004371047851,0.0009911211248567753,2.811689372614041e-12,1362.8061152998448,21.328495550584087,6.869760197421375,1.6288210016984925,0.27151072072159327,0.45362709276288704,0.3401155373385129,0.6275833544851629
anchor_strong,gaze_-5,conditional27,True,True,True,0,nominal,-2,Stopped because `callback` function raised `StopIteration` or returned `True`,stable_step_cost_and_stationarity,17,1715.737437900014,0.00010669161452048215,3.4263944586036243e-12,1660.339128983575,30.92497459125341,24.47333432518515,1.948161590149675,0.2521740225178735,0.7542924471127814,0.2747104236040235,0.27304370909800146
anchor_strong,gaze_-5,conditional37,True,True,True,0,nominal,-2,Stopped because `callback` function raised `StopIteration` or returned `True`,stable_step_cost_and_stationarity,80,1583.7756885670308,0.000967233623096142,2.5816244632392032e-12,1565.7787462342108,11.79094005509782,6.2060022777222965,1.8956801962335295,0.1845112311462278,0.3945749758948894,0.5877881422925966,1.106491299438779
anchor_weak,capture_1,conditional27,True,True,True,2,additional_training_states,-2,Stopped because `callback` function raised `StopIteration` or returned `True`,stable_step_cost_and_stationarity,116,1485.3981899730773,0.00010139047900167841,2.8973836822404884e-12,1441.8013038966374,17.825084216974847,25.771801859465594,1.7735949228152523,0.9099980685692393,1.9331164161759666,0.40413914388057265,0.5903661005037766
anchor_weak,capture_1,conditional37,True,True,True,2,additional_training_states,-2,Stopped because `callback` function raised `StopIteration` or returned `True`,stable_step_cost_and_stationarity,138,1339.1586868797476,0.0001756575249354242,1.963598970821364e-12,1302.8567822491352,17.826493557187078,18.47541107342518,1.6747070764445176,0.8925441845140817,1.9835012655419755,0.3775298210257823,0.7875616432847974
anchor_weak,capture_2,conditional27,True,True,True,0,nominal,-2,Stopped because `callback` function raised `StopIteration` or returned `True`,stable_step_cost_and_stationarity,61,1213.1696037363795,0.0009742150714331377,4.164409852318863e-12,1191.5619422800207,9.21229642651449,12.395365029844085,1.5427715824728168,0.734479695678477,1.1110898106060416,0.3314786765079067,0.16864869948571626
anchor_weak,capture_2,conditional37,True,True,True,0,nominal,-2,Stopped because `callback` function raised `StopIteration` or returned `True`,stable_step_cost_and_stationarity,228,1066.9343543155078,0.0009989488030850424,5.037740087044449e-12,1043.6459653886618,7.939192781946775,15.349196144899228,1.4487309357581484,0.7141563696317558,0.8842938647239006,0.33346490561482195,0.45051061945421067
anchor_weak,capture_3,conditional27,True,True,True,0,nominal,-2,Stopped because `callback` function raised `StopIteration` or returned `True`,stable_step_cost_and_stationarity,40,2094.4548984142016,0.00028000282126350307,2.7748582588032102e-12,2073.91943979197,4.271248640544869,16.264209981686133,1.9966075042119644,0.5137577860086138,0.6971048547345522,0.24423253492864605,0.17258161396525337
anchor_weak,capture_3,conditional37,True,True,True,0,nominal,-2,Stopped because `callback` function raised `StopIteration` or returned `True`,stable_step_cost_and_stationarity,71,1960.8477524050068,0.0003800115510657065,9.262226953632922e-13,1911.304233848165,11.080510079264577,38.463008477577986,1.927271592416258,0.7597265360228315,1.3902706499183788,0.3568675369791217,0.30926562190379187
anchor_weak,capture_4,conditional27,True,True,True,1,perturbed_nominal,-2,Stopped because `callback` function raised `StopIteration` or returned `True`,stable_step_cost_and_stationarity,47,1606.3528440525135,0.0009031280853468715,3.0547822369433762e-12,1582.7080372345781,7.5757978621529505,16.069008955782376,1.8830767627419884,0.6529401619588721,1.0598731465173024,0.2871235260329278,0.20994240182184387
anchor_weak,capture_4,conditional37,True,True,True,2,additional_training_states,-2,Stopped because `callback` function raised `StopIteration` or returned `True`,stable_step_cost_and_stationarity,48,1445.9870453736728,0.0008055469197976711,4.029084282431223e-12,1375.3420182551072,21.750327224873573,48.89469989369199,1.784824455024555,1.1390559046461022,1.6631630709297858,0.6802476121344774,0.6602744277980551
anchor_weak,gaze_+0,conditional27,True,True,True,1,perturbed_nominal,-2,Stopped because `callback` function raised `StopIteration` or returned `True`,stable_step_cost_and_stationarity,43,1923.8493183225257,6.946514750372224e-05,3.113649801981036e-12,1906.4211815157228,7.1553010631512555,10.272835743652067,1.980285311831544,0.6671947954535262,0.8918912138394028,0.311518800175288,0.18241814692130787
anchor_weak,gaze_+0,conditional37,True,True,True,3,additional_training_states,-2,Stopped because `callback` function raised `StopIteration` or returned `True`,stable_step_cost_and_stationarity,117,1648.1372353795882,0.0003151769663425341,3.058962107331745e-12,1553.3239540362315,33.09727565084149,61.716005692515246,1.8007759010540956,1.5027211513414565,1.5604710694577262,1.3290041099415388,1.131852524280294
anchor_weak,gaze_+10,conditional27,True,True,True,1,perturbed_nominal,-2,Stopped because `callback` function raised `StopIteration` or returned `True`,stable_step_cost_and_stationarity,41,1753.9816397708719,0.0001066835911707198,1.4022545373304159e-12,1738.9088825076606,3.0855110020794845,11.98724626113202,1.961591209563799,0.40509586339165315,0.7191063100705705,0.1318721326448402,0.19077623624812784
anchor_weak,gaze_+10,conditional37,True,True,True,3,additional_training_states,-2,Stopped because `callback` function raised `StopIteration` or returned `True`,stable_step_cost_and_stationarity,135,1628.8070315822017,0.0004070480681050981,9.929948699410001e-13,1612.4468669278142,3.0838352030704974,13.276329451317114,1.8969781257945606,0.3208734182095486,0.9478497564624888,0.1722659942505891,0.19377853310069304
anchor_weak,gaze_+5,conditional27,True,True,True,2,additional_training_states,-2,Stopped because `callback` function raised `StopIteration` or returned `True`,stable_step_cost_and_stationarity,48,1922.333212628042,0.00017414351052991162,2.395672239145413e-12,1896.486559212138,8.313980369419049,17.5326730464849,1.9726340266082305,0.7095869866516239,1.005002294550217,0.3372004855164272,0.21423988678648007
anchor_weak,gaze_+5,conditional37,True,True,True,0,nominal,-2,Stopped because `callback` function raised `StopIteration` or returned `True`,stable_step_cost_and_stationarity,62,1810.247559485502,0.0007064884731331489,3.8453427384352095e-12,1791.2306811953217,3.6532672694654207,15.363611020714686,1.918621067077722,0.37909730809518355,0.9635436307979883,0.20274972320418402,0.2959759330342268
anchor_weak,gaze_-10,conditional27,True,True,True,1,perturbed_nominal,-2,Stopped because `callback` function raised `StopIteration` or returned `True`,stable_step_cost_and_stationarity,50,1554.2633792432757,0.0006883269640844182,1.7414886533459942e-12,1509.0124820048748,18.532538595595568,26.718358642805576,1.7053461678477706,1.0861698592730071,1.375768250048181,0.6432161500899448,0.4580694279075701
anchor_weak,gaze_-10,conditional37,True,True,True,0,nominal,-2,Stopped because `callback` function raised `StopIteration` or returned `True`,stable_step_cost_and_stationarity,149,1347.275095140853,0.0009821565907719432,4.483973683091712e-12,1320.3775984457739,8.570281417938823,18.32721527714051,1.6043820887962073,0.7376883696110916,0.9402073666738209,0.27123187565582163,0.19046430839454628
anchor_weak,gaze_-5,conditional27,True,True,True,2,additional_training_states,-2,Stopped because `callback` function raised `StopIteration` or returned `True`,stable_step_cost_and_stationarity,31,1661.8476583215004,0.0008562932186538807,1.0811479577224462e-12,1634.3326360123247,11.775399470588946,15.739622838586635,1.9338276320319083,0.8418777122136566,1.2074608568319494,0.433166312294154,0.34812277121184687
anchor_weak,gaze_-5,conditional37,True,True,True,3,additional_training_states,-2,Stopped because `callback` function raised `StopIteration` or returned `True`,stable_step_cost_and_stationarity,162,1474.1340170100232,0.0009922166480382712,2.423636745958113e-12,1379.5500928730723,25.157604921157724,69.4263192157933,1.7868240662448045,1.2916635729131127,1.466743007700117,1.013723066904012,0.7807269349995087
baseline,capture_1,conditional27,True,True,True,2,additional_training_states,-2,Stopped because `callback` function raised `StopIteration` or returned `True`,stable_step_cost_and_stationarity,3,1522.574653040793,6.57983990338673e-05,2.3844033934963883e-12,1469.5613781174716,33.02313565023129,19.99013927309003,1.7841811744867937,0.5813984335720153,1.4195918745466791,2.5578645321748642e-06,5.74045124409104e-06
baseline,capture_1,conditional37,True,True,True,2,additional_training_states,-2,Stopped because `callback` function raised `StopIteration` or returned `True`,stable_step_cost_and_stationarity,3,1374.9504613717554,7.67509959960222e-05,9.49570856678286e-13,1325.374328517261,31.20250614022657,18.373626714267555,1.6880591408391203,0.6010877837336008,1.2814630287555104,1.955675718984249e-06,3.6264742187605668e-06
baseline,capture_2,conditional27,True,True,True,2,additional_training_states,-2,Stopped because `callback` function raised `StopIteration` or returned `True`,stable_step_cost_and_stationarity,3,1232.0657509547066,0.00023087017379985753,3.948701151437618e-12,1200.654579540339,18.99087181916464,12.420299595202499,1.5488830770786501,0.47201487706284734,0.9906418128372573,5.394647128335879e-06,2.209890386473623e-05
baseline,capture_2,conditional37,True,True,True,2,additional_training_states,-2,Stopped because `callback` function raised `StopIteration` or returned `True`,stable_step_cost_and_stationarity,3,1080.9718238077219,0.000432668740529607,2.2913610058639417e-12,1056.5593721834184,13.471694722261478,10.94075690204219,1.458735469523658,0.4352586287941965,0.7070352736313157,7.2472452918964886e-06,1.0299066281356122e-05
baseline,capture_3,conditional27,True,True,True,2,additional_training_states,-2,Stopped because `callback` function raised `StopIteration` or returned `True`,stable_step_cost_and_stationarity,3,2102.6963745894564,4.997193013456247e-05,5.9133594214262205e-12,2076.8979168946653,8.024606221981104,17.773851472809596,1.9980261503374233,0.3153199325081358,0.6177856859516838,6.028819153007844e-06,1.0292631012484268e-05
baseline,capture_3,conditional37,True,True,True,2,additional_training_states,-2,Stopped because `callback` function raised `StopIteration` or returned `True`,stable_step_cost_and_stationarity,3,1984.1135911163233,0.00038387738588796516,2.3983386636886938e-12,1934.3657788351957,23.2935974791244,26.454214802003502,1.9355072316985071,0.4716124511990261,1.2335255506487652,4.555491769934937e-05,5.557653400193565e-05
baseline,capture_4,conditional27,True,True,True,2,additional_training_states,-2,Stopped because `callback` function raised `StopIteration` or returned `True`,stable_step_cost_and_stationarity,3,1622.212888795947,0.00040382654509301015,3.0051770202994127e-12,1586.1305030385024,15.60460142232898,20.47778433511522,1.8855023025233413,0.4141350455291063,0.9373639651676953,3.041985677681822e-06,6.760120739639925e-06
baseline,capture_4,conditional37,True,True,True,2,additional_training_states,-2,Stopped because `callback` function raised `StopIteration` or returned `True`,stable_step_cost_and_stationarity,3,1484.2157362241828,0.0006192824938124118,2.9024781348592248e-12,1431.3567719687303,27.855643132752128,25.00332112270056,1.804692197750411,0.5429654784594342,1.2803841021749105,4.98237860139281e-05,7.609279671445143e-05
baseline,gaze_+0,conditional27,True,True,True,2,additional_training_states,-2,Stopped because `callback` function raised `StopIteration` or returned `True`,stable_step_cost_and_stationarity,3,1938.0197651144363,4.360707040973466e-05,3.608919122185466e-12,1911.6876988983404,14.037566967437861,12.29449924865798,1.9830174513986134,0.4297186018129042,0.7749728326073757,4.528961036226753e-06,1.3115512059441379e-05
baseline,gaze_+0,conditional37,True,True,True,2,additional_training_states,-2,Stopped because `callback` function raised `StopIteration` or returned `True`,stable_step_cost_and_stationarity,3,1740.4438135702812,0.0002647720534874054,9.644957531995016e-13,1704.624334360069,16.651289974147176,19.168189236065746,1.8731598316615403,0.3535111910317582,1.1403279059612943,3.530396247256495e-05,5.633245601906648e-05
baseline,gaze_+10,conditional27,True,True,True,2,additional_training_states,-2,Stopped because `callback` function raised `StopIteration` or returned `True`,stable_step_cost_and_stationarity,3,1760.7843521758864,6.057629729383507e-05,1.977473413125851e-12,1744.1710292990601,6.76338994324624,9.849932933579709,1.9645166465717354,0.28952215213588683,0.5670357257678368,1.1489407953486403e-05,3.563434011381689e-05
baseline,gaze_+10,conditional37,True,True,True,2,additional_training_states,-2,Stopped because `callback` function raised `StopIteration` or returned `True`,stable_step_cost_and_stationarity,3,1635.7897615983118,9.724039751368707e-05,1.3276679903094275e-12,1616.1436821825878,7.10308921199743,12.54299020372661,1.9004678648021702,0.19393957765153577,0.807965130978329,1.0112746291620426e-05,3.646211925988199e-05
baseline,gaze_+5,conditional27,True,True,True,2,additional_training_states,-2,Stopped because `callback` function raised `StopIteration` or returned `True`,stable_step_cost_and_stationarity,3,1938.5144266064094,0.00011328586250680672,3.2305587573600285e-12,1899.7690781729073,15.561750613513684,23.18359781998824,1.974080666753807,0.427238901689189,0.8968762914753391,1.6079526399339177e-05,4.5850634282302465e-05
baseline,gaze_+5,conditional37,True,True,True,2,additional_training_states,-2,Stopped because `callback` function raised `StopIteration` or returned `True`,stable_step_cost_and_stationarity,3,1817.911877196032,0.00013859541042404722,1.1168269853717332e-12,1794.1496038346077,8.433748494338591,15.328524867086522,1.9206319641295764,0.2236765808842754,0.8611175770862103,1.0060518613142833e-05,3.0175421919090636e-05
baseline,gaze_-10,conditional27,True,True,True,2,additional_training_states,-2,Stopped because `callback` function raised `StopIteration` or returned `True`,stable_step_cost_and_stationarity,3,1583.3827692627494,0.0005093232346951027,1.2268773397659173e-12,1535.6874092227426,20.802768879942402,26.892591160063752,1.718735879703754,0.4838170646860952,1.0664673738486412,2.9505069136913033e-06,1.4991619909230315e-05
baseline,gaze_-10,conditional37,True,True,True,2,additional_training_states,-2,Stopped because `callback` function raised `StopIteration` or returned `True`,stable_step_cost_and_stationarity,9,1367.025933031399,0.0002875035616867194,1.1875701838190892e-12,1335.775525221875,20.27507298249893,10.97533482702512,1.6140649698063192,0.5418092823983401,0.8364514374613083,1.3118248088598071e-05,2.5960395442599946e-05
baseline,gaze_-5,conditional27,True,True,True,2,additional_training_states,-2,Stopped because `callback` function raised `StopIteration` or returned `True`,stable_step_cost_and_stationarity,3,1683.211611013752,0.0008055584412991479,2.035907553451141e-12,1645.3744323314986,18.31953668072868,19.517642001525136,1.9400461817458718,0.466029761646749,0.9656830318291814,3.957182836562728e-06,4.21088943472568e-06
baseline,gaze_-5,conditional37,True,True,True,2,additional_training_states,-2,Stopped because `callback` function raised `StopIteration` or returned `True`,stable_step_cost_and_stationarity,3,1559.4271895653076,0.0008894650498126296,3.4123186398350357e-12,1497.9957847748622,26.36903001236319,35.06237477808226,1.8513028888072598,0.5970390880325664,1.0335767013401362,4.834358584389828e-06,6.794548082982048e-06
covariance_4x,capture_1,conditional27,True,True,True,1,perturbed_nominal,-2,Stopped because `callback` function raised `StopIteration` or returned `True`,stable_step_cost_and_stationarity,20,392.25541643563224,4.8744370550579674e-05,1.5808769519589136e-12,380.06535579531754,8.44076098409675,3.7492996562178105,1.804941667529594,0.2786368631657344,0.7548870700603781,0.37262986010950694,0.8136237292378345
covariance_4x,capture_1,conditional37,True,True,True,2,additional_training_states,-2,Stopped because `callback` function raised `StopIteration` or returned `True`,stable_step_cost_and_stationarity,22,354.4174527033393,3.0984397334066216e-05,8.944836247088381e-13,341.4508598159402,8.088098102629825,4.8784947847694475,1.7112784727398138,0.3201706567860553,0.6085470020147504,0.3113822578159902,0.89496323732254
covariance_4x,capture_2,conditional27,True,True,True,0,nominal,-2,Stopped because `callback` function raised `StopIteration` or returned `True`,stable_step_cost_and_stationarity,16,316.8474251041206,4.961157925231774e-05,2.0946424207464788e-12,304.1098874293876,8.557402618858333,4.180135055874551,1.5592761767245156,0.2911737599199106,0.7347018694310169,0.22286040077661268,0.38809140200399433
covariance_4x,capture_2,conditional37,True,True,True,0,nominal,-2,Stopped because `callback` function raised `StopIteration` or returned `True`,stable_step_cost_and_stationarity,26,276.1165814469741,1.5199862012593712e-05,1.0325433230055287e-12,269.0493513583027,4.8883292805989385,2.1789008080725125,1.4747438109324662,0.21478855937758234,0.5680694300241914,0.22459249034151182,0.19548517506569868
covariance_4x,capture_3,conditional27,True,True,True,2,additional_training_states,-2,Stopped because `callback` function raised `StopIteration` or returned `True`,stable_step_cost_and_stationarity,15,529.3836279003376,2.8732685320775886e-05,1.4242346895253422e-12,520.8624236265191,3.743023318243276,4.778180955575034,2.000830839188487,0.19579831779609605,0.47777796302966713,0.1647416624948311,0.24250883523795233
covariance_4x,capture_3,conditional37,True,True,True,2,additional_training_states,-2,Stopped because `callback` function raised `StopIteration` or returned `True`,stable_step_cost_and_stationarity,27,505.6626747226041,4.8762665217694234e-05,2.6350718383396427e-12,495.3079125897934,6.17889526979682,4.175866863013881,1.9562935240166224,0.19989057574978045,0.722935263017883,0.3351939053485728,0.6135667089601522
covariance_4x,capture_4,conditional27,True,True,True,2,additional_training_states,-2,Stopped because `callback` function raised `StopIteration` or returned `True`,stable_step_cost_and_stationarity,12,413.3318272143023,5.16519269950777e-05,1.1050324474515611e-12,398.96701868828825,8.06794559879917,6.2968629272148995,1.8908782535669757,0.254203473880214,0.777574376841272,0.22852490555304772,0.22530830220503784
covariance_4x,capture_4,conditional37,True,True,True,3,additional_training_states,-2,Stopped because `callback` function raised `StopIteration` or returned `True`,stable_step_cost_and_stationarity,29,379.4839453245761,3.066201868724694e-05,9.194914190175683e-13,372.28013476118616,5.673139322599894,1.5306712407900045,1.8303820567479154,0.2231481014129222,0.6308115372667086,0.4242450457234409,0.8077658745652655
covariance_4x,gaze_+0,conditional27,True,True,True,0,nominal,-2,Stopped because `callback` function raised `StopIteration` or returned `True`,stable_step_cost_and_stationarity,17,491.14149906201834,1.6037158573123378e-05,1.2076383788687905e-12,481.22054674419974,6.240053514832484,3.6808988029861087,1.9896026893291572,0.2647494859368718,0.5847477019664753,0.21396776504085208,0.2916163539095598
covariance_4x,gaze_+0,conditional37,True,True,True,1,perturbed_nominal,-2,Stopped because `callback` function raised `StopIteration` or returned `True`,stable_step_cost_and_stationarity,29,443.60738801778024,2.9656465009075816e-05,5.30564375618928e-13,431.4934498069848,7.815293198152416,4.298645012642824,1.8807025120509953,0.2105275308438051,0.8366003478358821,0.18932769877717842,0.39411601032963406
covariance_4x,gaze_+10,conditional27,True,True,True,0,nominal,-2,Stopped because `callback` function raised `StopIteration` or returned `True`,stable_step_cost_and_stationarity,14,443.27138764468094,1.8006809996640172e-05,2.0803898650492605e-12,438.03596619794627,3.113842202240205,2.1215792444945767,1.9683975882707723,0.18777565707563793,0.41092233644735515,0.1411690377895433,0.27096556272151867
covariance_4x,gaze_+10,conditional37,True,True,True,2,additional_training_states,-2,Stopped because `callback` function raised `StopIteration` or returned `True`,stable_step_cost_and_stationarity,12,412.77181340779657,3.3110154397775204e-05,1.8259006746286768e-12,406.23317534176795,4.051283850452691,2.4873542155760444,1.906631741245429,0.15365464652723765,0.5990405172526078,0.1073008750062423,0.27120685667547795
covariance_4x,gaze_+5,conditional27,True,True,True,1,perturbed_nominal,-2,Stopped because `callback` function raised `StopIteration` or returned `True`,stable_step_cost_and_stationarity,18,491.9477577433601,2.7966114702571154e-05,1.0289574002484803e-12,478.36913512285423,6.778688527418854,6.7999340930871,1.980478916957123,0.2321764878510533,0.714439680088209,0.23008027481621116,0.24394478535417868
covariance_4x,gaze_+5,conditional37,True,True,True,0,nominal,-2,Stopped because `callback` function raised `StopIteration` or returned `True`,stable_step_cost_and_stationarity,18,459.1533827856726,3.0687102643423e-05,8.137640022319239e-13,450.8168799073967,4.895537800583101,3.4409650776926295,1.9253881258524073,0.151329460204262,0.6846995257316741,0.11717579230445956,0.21856636180657357
covariance_4x,gaze_-10,conditional27,True,True,True,0,nominal,-2,Stopped because `callback` function raised `StopIteration` or returned `True`,stable_step_cost_and_stationarity,17,403.2428449526393,1.4645532503188008e-05,2.09826981446691e-12,390.5629507653621,6.467271148072582,6.212623039204688,1.731428941037143,0.219813258777204,0.7116334828547521,0.3333175380693335,0.4497172766926115
covariance_4x,gaze_-10,conditional37,True,True,True,2,additional_training_states,-2,Stopped because `callback` function raised `StopIteration` or returned `True`,stable_step_cost_and_stationarity,63,347.75109307912714,0.0004915672274181659,8.730896108302223e-13,340.70142909470167,5.3321677505182565,1.717496233907219,1.6288209475590754,0.271511466115885,0.4536303477086807,0.3401151593098924,0.62758505839176
covariance_4x,gaze_-5,conditional27,True,True,True,0,nominal,-2,Stopped because `callback` function raised `StopIteration` or returned `True`,stable_step_cost_and_stationarity,17,428.9343594750035,2.6672903630009515e-05,1.7131972293018122e-12,415.08478224589373,7.731243647813352,6.118333581296287,1.948161590149675,0.2521740225178735,0.7542924471127814,0.2747104236040235,0.27304370909800146
covariance_4x,gaze_-5,conditional37,True,True,True,3,additional_training_states,-2,Stopped because `callback` function raised `StopIteration` or returned `True`,stable_step_cost_and_stationarity,80,395.9439222357126,0.00028147000763123486,1.3513859645129798e-12,391.44473088234486,2.947702442103595,1.5514889112642531,1.8956803150668737,0.18450994571426302,0.39457357341970795,0.5877900474015476,1.106492983115468
prior_strong,capture_1,conditional27,True,True,True,1,perturbed_nominal,-2,Stopped because `callback` function raised `StopIteration` or returned `True`,stable_step_cost_and_stationarity,16,1577.368124971822,0.00014759468744429682,8.779807752648899e-13,1537.8164730619433,11.31366345947704,28.237988450402018,1.8105508774981742,0.32879484225062844,0.8593864850102558,0.386314575957683,0.654224114357797
prior_strong,capture_1,conditional37,True,True,True,0,nominal,-2,Stopped because `callback` function raised `StopIteration` or returned `True`,stable_step_cost_and_stationarity,27,1426.7546690790375,0.0001365528756691603,3.2483975634652874e-12,1381.3213493653066,18.351447978631498,27.081871735099405,1.7169785935303918,0.5244273009658362,0.758308007896191,0.21578999293511336,0.5837590107880744
prior_strong,capture_2,conditional27,True,True,True,2,additional_training_states,-2,Stopped because `callback` function raised `StopIteration` or returned `True`,stable_step_cost_and_stationarity,18,1270.2320482727764,0.0003370083698887305,2.223405376146885e-12,1221.692626981133,22.36039436678679,26.179026924856586,1.5582814682835466,0.5544586628355472,0.9346907193771126,0.23009924266672901,0.16617513707582193
prior_strong,capture_2,conditional37,True,True,True,0,nominal,-2,Stopped because `callback` function raised `StopIteration` or returned `True`,stable_step_cost_and_stationarity,53,1114.0289016668428,0.00014289199866546198,1.3738684810857746e-12,1087.9473359680987,7.795481123867647,18.286084574876647,1.4826320976304728,0.30943045520584317,0.6132007005686315,0.24835312009537938,0.19758555116828677
prior_strong,capture_3,conditional27,True,True,True,2,additional_training_states,-2,Stopped because `callback` function raised `StopIteration` or returned `True`,stable_step_cost_and_stationarity,16,2143.2618809185838,8.109029685432478e-05,3.394990616162366e-12,2119.34086967733,9.045736316998832,14.875274924254892,2.0155591120645453,0.3788873864839944,0.483212393151972,0.1615155633853031,0.3364746050441136
prior_strong,capture_3,conditional37,True,True,True,0,nominal,-2,Stopped because `callback` function raised `StopIteration` or returned `True`,stable_step_cost_and_stationarity,75,2027.6519352954838,0.00042577233997498354,2.5087617948864003e-12,2002.6008121175623,11.12344906012689,13.927674117794298,1.965702967772671,0.3407563404940271,0.8152993990540242,0.3446910247690433,0.5628575485895683
prior_strong,capture_4,conditional27,True,True,True,2,additional_training_states,-2,Stopped because `callback` function raised `StopIteration` or returned `True`,stable_step_cost_and_stationarity,13,1673.1116506255082,7.612075133772017e-05,1.791246678492544e-12,1627.7958685725853,20.910773236806918,24.40500881611554,1.9034203249958919,0.5584692049582743,0.8151978741746209,0.2466043889725308,0.2336668164683614
prior_strong,capture_4,conditional37,True,True,True,0,nominal,-2,Stopped because `callback` function raised `StopIteration` or returned `True`,stable_step_cost_and_stationarity,118,1510.3201850297623,0.0009691969252481059,1.350162330410981e-12,1493.3242563036943,8.890562436026068,8.105366290041841,1.8316500986756594,0.30861649554218046,0.718362318923156,0.4415274597384666,0.7038615422503011
prior_strong,gaze_+0,conditional27,True,True,True,0,nominal,-2,Stopped because `callback` function raised `StopIteration` or returned `True`,stable_step_cost_and_stationarity,18,1966.6375375971847,6.377817595673574e-05,1.955464447888213e-12,1938.371681729634,15.490405517453592,12.775450350096445,1.993387550834478,0.4896753292594134,0.6615615157704389,0.21200993054236608,0.26597627007516955
prior_strong,gaze_+0,conditional37,True,True,True,3,additional_training_states,-2,Stopped because `callback` function raised `StopIteration` or returned `True`,stable_step_cost_and_stationarity,173,1790.6404945571455,0.0009901028677914425,1.964353827377716e-12,1756.0400995394798,10.126045577272517,24.474349440392768,1.895969281027157,0.2979366033502888,0.8431884869705254,0.23044115884611777,0.4191738458200567
prior_strong,gaze_+10,conditional27,True,True,True,2,additional_training_states,-2,Stopped because `callback` function raised `StopIteration` or returned `True`,stable_step_cost_and_stationarity,16,1778.1472732112545,2.3912520592084263e-05,9.705122061164406e-13,1767.0574672097298,4.818307123320444,6.271498878204033,1.976720145270287,0.24567761630565552,0.4743986411288243,0.14586680014794745,0.24777882190899445
prior_strong,gaze_+10,conditional37,True,True,True,0,nominal,-2,Stopped because `callback` function raised `StopIteration` or returned `True`,stable_step_cost_and_stationarity,17,1660.971885265741,4.681308662579653e-05,1.8818059985074695e-12,1647.804209216609,3.996632864001054,9.171043185131447,1.9216823562937178,0.19734076542274104,0.506145233495213,0.08478496969924057,0.42508722073353844
prior_strong,gaze_+5,conditional27,True,True,True,2,additional_training_states,-2,Stopped because `callback` function raised `StopIteration` or returned `True`,stable_step_cost_and_stationarity,15,1993.495520273591,0.00021290031435539092,2.484355073213011e-12,1946.9183581573384,21.176596217057455,25.400565899195126,1.993759522384906,0.5694603282163058,0.7875867370047503,0.26774061168311863,0.2669186250704412
prior_strong,gaze_+5,conditional37,True,True,True,0,nominal,-2,Stopped because `callback` function raised `StopIteration` or returned `True`,stable_step_cost_and_stationarity,29,1853.2508814861321,0.0007972530518642884,2.8217809190350122e-12,1835.113134095821,4.247887058928006,13.889860331383467,1.943058604945827,0.1909157155584315,0.5506185767580642,0.11501353386130504,0.42115794231438536
prior_strong,gaze_-10,conditional27,True,True,True,0,nominal,-2,Stopped because `callback` function raised `StopIteration` or returned `True`,stable_step_cost_and_stationarity,29,1634.8225601679223,4.9015929606550934e-05,1.4154336626055589e-12,1605.7601268780895,12.470148478680692,16.59228481115202,1.7541681338481896,0.43517107760932505,0.6125209322237107,0.14947582564855863,0.6435040931316037
prior_strong,gaze_-10,conditional37,True,True,True,2,additional_training_states,-2,Stopped because `callback` function raised `StopIteration` or returned `True`,stable_step_cost_and_stationarity,88,1392.0250790303364,0.0002409057331935749,1.5947946765614054e-12,1378.8129717887152,5.3284242085578555,7.8836830330637895,1.6355048033348587,0.26061787595398983,0.4914697784731268,0.5034461603977115,0.8840500322085049
prior_strong,gaze_-5,conditional27,True,True,True,1,perturbed_nominal,-2,Stopped because `callback` function raised `StopIteration` or returned `True`,stable_step_cost_and_stationarity,23,1738.9707332730843,0.0007357027793716137,1.2309252029864178e-12,1686.9544928329324,21.736823976728456,30.279416463423594,1.958367854477239,0.5715765795823136,0.8217233917488301,0.22509641520212237,0.2373813002626408
prior_strong,gaze_-5,conditional37,True,True,True,1,perturbed_nominal,-2,Stopped because `callback` function raised `StopIteration` or returned `True`,stable_step_cost_and_stationarity,69,1591.24096244275,0.00030301804071486416,1.614460766968822e-12,1571.253185620903,6.827232307349804,13.160544514497815,1.9006785711146224,0.2689463419915877,0.6335046925454658,0.6456459241573611,1.2209801829625704
prior_weak,capture_1,conditional27,False,False,False,2,additional_training_states,1,`gtol` termination condition is satisfied.,not_certified,172,1468.772727271089,0.0031837353924304423,2.8408521769945663e-12,1401.142177138629,39.932749670182986,27.697800462277282,1.7490700034679445,0.6751046714271315,1.4639174242868955,0.4635699314840312,0.35369116840039155
prior_weak,capture_1,conditional37,True,True,True,1,perturbed_nominal,-2,Stopped because `callback` function raised `StopIteration` or returned `True`,stable_step_cost_and_stationarity,163,1191.4987004590587,0.0008670631431026976,8.974059969421927e-13,1123.1371514087318,45.459273187881365,22.902275862445368,1.5757186254508433,0.6578516411478379,1.7255736039008944,0.6597818773370365,0.6206705702471517
prior_weak,capture_2,conditional27,True,True,True,1,perturbed_nominal,-2,Stopped because `callback` function raised `StopIteration` or returned `True`,stable_step_cost_and_stationarity,28,1209.1423882020413,0.0005469102493400602,1.0109792676207026e-12,1177.1482203790606,24.69732131553392,7.296846507447196,1.5371589684147562,0.6096772419130175,0.8740712463953322,0.3412281167863795,0.17746219925942916
prior_weak,capture_2,conditional37,True,True,True,2,additional_training_states,-2,Stopped because `callback` function raised `StopIteration` or returned `True`,stable_step_cost_and_stationarity,129,1055.898194939221,0.0009967245940725178,3.48476328648275e-12,1026.8919961318752,17.186402999033447,11.819795808312795,1.4376010148182201,0.5176048200507046,0.688355423459362,0.23459764405839734,0.10504371266862808
prior_weak,capture_3,conditional27,True,True,True,1,perturbed_nominal,-2,Stopped because `callback` function raised `StopIteration` or returned `True`,stable_step_cost_and_stationarity,39,2074.537090738433,0.0003284071312550374,1.7271038310771384e-12,2060.852918096446,6.797199969751767,6.886972672235166,1.9922861602754005,0.2474529070744764,0.6833330912493641,0.14439951747847413,0.23129343026265514
prior_weak,capture_3,conditional37,True,True,True,0,nominal,-2,Stopped because `callback` function raised `StopIteration` or returned `True`,stable_step_cost_and_stationarity,244,1576.9497926696029,0.00094463978175785,3.7261072559486635e-12,1367.7383016426006,110.81300443730328,98.39848658969862,1.638046847306425,1.36476937082149,1.4867427762006695,1.531037862479641,1.4633475858632343
prior_weak,capture_4,conditional27,True,True,True,1,perturbed_nominal,-2,Stopped because `callback` function raised `StopIteration` or returned `True`,stable_step_cost_and_stationarity,32,1590.1948761027138,0.00020376436048206992,3.89632144846062e-12,1572.3375448978309,10.51955704573754,7.337774159145388,1.882189262889751,0.2397871650481238,0.9775391820565771,0.27270916251559735,0.0951057547376531
prior_weak,capture_4,conditional37,True,True,True,3,additional_training_states,-2,Stopped because `callback` function raised `StopIteration` or returned `True`,stable_step_cost_and_stationarity,138,1424.6921999894332,0.0005383202518220997,3.581841691386847e-12,1365.2980739710856,44.63359179291951,14.760534225427664,1.7798617270839365,0.6738057586013386,1.6557808496561088,0.3958880671336896,0.5449835750786765
prior_weak,gaze_+0,conditional27,True,True,True,2,additional_training_states,-2,Stopped because `callback` function raised `StopIteration` or returned `True`,stable_step_cost_and_stationarity,45,1915.0143140560301,0.0002788165509475249,1.851871166666369e-12,1884.6843513329545,20.215222033756106,10.11474068931943,1.971293195277416,0.5531388601418736,0.7839875719521594,0.3424420923745071,0.18558375090990692
prior_weak,gaze_+0,conditional37,True,True,True,2,additional_training_states,-2,Stopped because `callback` function raised `StopIteration` or returned `True`,stable_step_cost_and_stationarity,92,1378.6229618665952,0.0009387338661088762,3.4016160931331496e-12,1083.8884019879908,127.80107480353638,166.93348507506795,1.479117794982919,1.476104279361604,1.5352883534557278,1.4199060497301264,2.1093734873009486
prior_weak,gaze_+10,conditional27,True,True,True,1,perturbed_nominal,-2,Stopped because `callback` function raised `StopIteration` or returned `True`,stable_step_cost_and_stationarity,71,1717.57927307874,0.0009337082292510956,1.9153517083178286e-12,1626.4375769971832,53.93434361929134,37.20735246226574,1.9003573042094066,0.9960425547876236,0.735637909563744,0.8135204312212616,0.4439767853305641
prior_weak,gaze_+10,conditional37,True,True,True,2,additional_training_states,-2,Stopped because `callback` function raised `StopIteration` or returned `True`,stable_step_cost_and_stationarity,185,1578.94152662379,0.00013042491871217976,5.3537057429171034e-12,1512.5303336427,39.07736027371753,27.33383270737283,1.8280135566545095,0.8223050032678094,0.8114866260261108,0.8166607891394058,1.2738028074119445
prior_weak,gaze_+5,conditional27,True,True,True,0,nominal,-2,Stopped because `callback` function raised `StopIteration` or returned `True`,stable_step_cost_and_stationarity,63,1882.5793880723525,0.0001091655057425811,3.960559409967942e-12,1823.2101200092047,27.840165723850337,31.52910233929741,1.9355340163121246,0.6753234728424978,0.7934951224840442,0.8080540181126613,0.2661607957413334
prior_weak,gaze_+5,conditional37,True,True,True,3,additional_training_states,-2,Stopped because `callback` function raised `StopIteration` or returned `True`,stable_step_cost_and_stationarity,132,1730.363377171015,0.0009780470486289161,2.17943492014428e-12,1645.3335387884981,44.35602322373882,40.6738151587777,1.8357028025478077,0.8722173624425897,0.8886694306956487,1.1230955667653038,1.5108387412334188
prior_weak,gaze_-10,conditional27,True,True,True,1,perturbed_nominal,-2,Stopped because `callback` function raised `StopIteration` or returned `True`,stable_step_cost_and_stationarity,200,1524.3951826142431,0.000989701391740816,2.39977353281649e-12,1482.5874135247764,21.065197493790556,20.74257159567638,1.6931549362618479,0.31859025624459564,1.4137808318959264,0.31692379204597954,0.45303986023546056
prior_weak,gaze_-10,conditional37,True,True,True,1,perturbed_nominal,-2,Stopped because `callback` function raised `StopIteration` or returned `True`,stable_step_cost_and_stationarity,154,1348.2945927706512,0.0002129916437958318,2.427874988517733e-12,1320.9388670524702,18.224969880443595,9.130755837737542,1.6077252189306401,0.5271942157864129,0.7355510538459457,0.22312682435357595,0.4073190590220631
prior_weak,gaze_-5,conditional27,True,True,True,1,perturbed_nominal,-2,Stopped because `callback` function raised `StopIteration` or returned `True`,stable_step_cost_and_stationarity,31,1650.784256823431,7.382768784558458e-05,2.2936853686641445e-12,1628.6229931533107,12.849147885359034,9.312115784760541,1.9335552471684276,0.3290050453821188,0.9641662130446268,0.2626211628805409,0.16286357113789163
prior_weak,gaze_-5,conditional37,True,True,True,1,perturbed_nominal,-2,Stopped because `callback` function raised `StopIteration` or returned `True`,stable_step_cost_and_stationarity,205,1354.4768327476993,0.0008264488165114683,3.744013959042252e-12,1242.653320295278,53.293098521180724,58.53041393124018,1.7097486354495606,0.8235803449141468,1.5563928366071125,1.1041726635008258,1.3148022519969875
reference_q25,capture_1,conditional27,True,True,True,0,nominal,-2,Stopped because `callback` function raised `StopIteration` or returned `True`,stable_step_cost_and_stationarity,55,1520.7491395491213,8.815126843642052e-05,2.3871779283268832e-12,1467.542623018731,33.10419588375461,20.10232064663599,1.7843110938560818,0.5821018210901093,1.4213580380191653,0.003915338573830337,0.002825467365217757
reference_q25,capture_1,conditional37,True,True,True,2,additional_training_states,-2,Stopped because `callback` function raised `StopIteration` or returned `True`,stable_step_cost_and_stationarity,24,1373.2273076257113,0.00019670908047242364,1.2922250621755245e-12,1323.8388115874563,31.125637984164054,18.2628580540908,1.6892336365902814,0.6010879561054224,1.2777079789321162,0.0035329644539280336,0.005392817735792408
reference_q25,capture_2,conditional27,True,True,True,2,additional_training_states,-2,Stopped because `callback` function raised `StopIteration` or returned `True`,stable_step_cost_and_stationarity,9,1229.7980027432316,0.0001658776774133841,3.661914820103844e-12,1198.321431777224,19.053709908052106,12.422861057955483,1.5488966621411924,0.4735975483413568,0.9898849692202192,0.0045182362485557,0.0022841017354489354
reference_q25,capture_2,conditional37,True,True,True,2,additional_training_states,-2,Stopped because `callback` function raised `StopIteration` or returned `True`,stable_step_cost_and_stationarity,35,1078.774853996332,0.0009738321407883888,3.172495987446992e-12,1054.2629959340575,13.55393897172986,10.957919090544932,1.4590202251875104,0.43693494305304864,0.7078428276011666,0.004142367622768679,0.0031761216538979523
reference_q25,capture_3,conditional27,True,True,True,2,additional_training_states,-2,Stopped because `callback` function raised `StopIteration` or returned `True`,stable_step_cost_and_stationarity,11,2098.999303618204,9.284470799131306e-05,4.565430422795423e-12,2073.1911340349484,8.025088191150616,17.783081392104805,1.9972951574552624,0.31582503636441744,0.6162198787183574,0.004319628081863053,0.005177553784941576
reference_q25,capture_3,conditional37,True,True,True,0,nominal,-2,Stopped because `callback` function raised `StopIteration` or returned `True`,stable_step_cost_and_stationarity,94,1981.8304225196564,0.000815814808047044,2.2734973581161306e-12,1932.6069847980207,23.060699769344396,26.16273795229141,1.9353651433153731,0.4679554519698673,1.230425968817723,0.011003763294908982,0.011841754247224813
reference_q25,capture_4,conditional27,True,True,True,1,perturbed_nominal,-2,Stopped because `callback` function raised `StopIteration` or returned `True`,stable_step_cost_and_stationarity,26,1616.6743718351086,0.0008493417852578587,3.670158136283233e-12,1580.7006333463862,15.585642603687162,20.388095885035423,1.8857926519174175,0.4137630788623646,0.9371264810715252,0.004297888236927204,0.00462865193093008
reference_q25,capture_4,conditional37,True,True,True,3,additional_training_states,-2,Stopped because `callback` function raised `StopIteration` or returned `True`,stable_step_cost_and_stationarity,75,1479.96055412123,0.0006623234560155658,2.0522377121801453e-12,1429.1278820266734,27.110409853785992,23.722262240770785,1.806468265445829,0.5340080445837911,1.2674866996233027,0.01334410085519676,0.01929495872831835
reference_q25,gaze_+0,conditional27,True,True,True,2,additional_training_states,-2,Stopped because `callback` function raised `StopIteration` or returned `True`,stable_step_cost_and_stationarity,12,1937.733895843887,0.00016618510445232104,2.038062025116189e-12,1911.275108971879,14.036007586994723,12.422779285012798,1.9828617497524172,0.4304847121866119,0.7721846618260444,0.005895994477330211,0.004723388162120115
reference_q25,gaze_+0,conditional37,True,True,True,3,additional_training_states,-2,Stopped because `callback` function raised `StopIteration` or returned `True`,stable_step_cost_and_stationarity,49,1740.0781115634584,0.0003619735595483337,1.5840146646159392e-12,1703.6604046120292,16.787931965859563,19.62977498556965,1.8743715677230242,0.35597353214239574,1.1430263659777768,0.007496565162905522,0.0077311019155052296
reference_q25,gaze_+10,conditional27,True,True,True,2,additional_training_states,-2,Stopped because `callback` function raised `StopIteration` or returned `True`,stable_step_cost_and_stationarity,12,1759.7227483943925,0.00015568464876536403,1.2809308333195796e-12,1743.115052702361,6.742500603901123,9.865195088130369,1.9655839798638222,0.2896596243122949,0.5642877929372709,0.002971133782993834,0.004014638461337895
reference_q25,gaze_+10,conditional37,True,True,True,3,additional_training_states,-2,Stopped because `callback` function raised `StopIteration` or returned `True`,stable_step_cost_and_stationarity,47,1635.1109113293026,0.00015073265680679016,2.5519697045598714e-12,1615.2355378581283,7.1556166965074794,12.719756774666484,1.9014624436485639,0.19493300186118942,0.8105301456282145,0.0031187816245668246,0.004051136011362961
reference_q25,gaze_+5,conditional27,True,True,True,2,additional_training_states,-2,Stopped because `callback` function raised `StopIteration` or returned `True`,stable_step_cost_and_stationarity,11,1938.2310767983297,7.345267769420794e-05,2.7689033482563985e-12,1899.480500425996,15.479461957705059,23.271114414628638,1.9745890878400227,0.4258119631725941,0.8953819407562987,0.0044324872744905775,0.0023444737704325274
reference_q25,gaze_+5,conditional37,True,True,True,1,perturbed_nominal,-2,Stopped because `callback` function raised `StopIteration` or returned `True`,stable_step_cost_and_stationarity,47,1817.6491059807872,0.0002071751284820067,2.651904540922953e-12,1793.558507658804,8.510114314829634,15.580484007153684,1.9212143854903418,0.22537386848975402,0.8638898428711691,0.0033823333948431946,0.004160829563968825
reference_q25,gaze_-10,conditional27,True,True,True,0,nominal,-2,Stopped because `callback` function raised `StopIteration` or returned `True`,stable_step_cost_and_stationarity,33,1582.4865855129583,0.0007823819116339337,4.520404622559063e-12,1534.7502566240005,20.83769689445557,26.898631994502363,1.7187939979865487,0.4851339428446918,1.0647740235288032,0.0025681492874238643,0.0020334404350384407
reference_q25,gaze_-10,conditional37,True,True,True,2,additional_training_states,-2,Stopped because `callback` function raised `StopIteration` or returned `True`,stable_step_cost_and_stationarity,40,1366.6429052428687,0.000774006671955263,1.911383268211844e-12,1335.2203113956823,20.358986524677253,11.063607322509421,1.6142515850829673,0.5433719056855015,0.8363862094049741,0.005027677969706747,0.006247321662813506
reference_q25,gaze_-5,conditional27,True,True,True,0,nominal,-2,Stopped because `callback` function raised `StopIteration` or returned `True`,stable_step_cost_and_stationarity,27,1682.6284601543603,5.651761479263939e-05,2.829705450706609e-12,1644.77943882387,18.30721474869541,19.541806581794887,1.9395220101782609,0.4662018829060763,0.9643653980362465,0.003951796291625741,0.0018667499597446284
reference_q25,gaze_-5,conditional37,True,True,True,2,additional_training_states,-2,Stopped because `callback` function raised `StopIteration` or returned `True`,stable_step_cost_and_stationarity,65,1560.5151419808126,0.00094828968907823,3.073280382584655e-12,1499.8624486517751,26.397074960270416,34.255618368767074,1.8516873402097913,0.6007473324993432,1.0217758490134095,0.011943806745335201,0.015489355878947871
reference_q75,capture_1,conditional27,True,True,True,0,nominal,-2,Stopped because `callback` function raised `StopIteration` or returned `True`,stable_step_cost_and_stationarity,60,1523.5696019294714,0.00010256344765546821,1.5991713084898642e-12,1470.696726336137,32.948292048591725,19.924583544742777,1.7846036909273488,0.580862229855362,1.4176673421930017,0.002918348320616351,0.002761878280630104
reference_q75,capture_1,conditional37,True,True,True,3,additional_training_states,-2,Stopped because `callback` function raised `StopIteration` or returned `True`,stable_step_cost_and_stationarity,44,1375.9157607227069,0.00016606969654642256,1.6706360604627188e-12,1326.239787732368,31.16699427077346,18.50897871956505,1.687556905900489,0.5996519262251593,1.2839330511895992,0.0033927276573004427,0.0048567830267685404
reference_q75,capture_2,conditional27,True,True,True,0,nominal,-2,Stopped because `callback` function raised `StopIteration` or returned `True`,stable_step_cost_and_stationarity,24,1232.9441823002965,0.00016060463993483598,3.459116228160207e-12,1201.6260130417145,18.90473516896076,12.413434089620889,1.549774954528306,0.47005870005039546,0.9910206919072994,0.005289104536308747,0.0013434383262346246
reference_q75,capture_2,conditional37,True,True,True,1,perturbed_nominal,-2,Stopped because `callback` function raised `StopIteration` or returned `True`,stable_step_cost_and_stationarity,80,1081.9910280011034,0.0004844603943237047,1.0424001630604235e-12,1057.5722744010216,13.459233045010162,10.959520555071547,1.4592368977136825,0.43524719618912644,0.705976890156945,0.003564119059731966,0.002800809839025372
reference_q75,capture_3,conditional27,True,True,True,0,nominal,-2,Stopped because `callback` function raised `StopIteration` or returned `True`,stable_step_cost_and_stationarity,19,2105.6242171679874,0.00011267047870378022,1.8424734663516505e-12,2079.871577749863,7.9890856212997186,17.763553796825427,1.9993338953702555,0.3140013694666516,0.6183893009214632,0.004456793071625523,0.0038980422955011427
reference_q75,capture_3,conditional37,True,True,True,0,nominal,-2,Stopped because `callback` function raised `StopIteration` or returned `True`,stable_step_cost_and_stationarity,131,1986.1977821851062,0.0005299144404521394,1.1603615698166169e-12,1936.1102525198257,23.39919122917524,26.688338436105337,1.9364378740766244,0.4731265120461186,1.2352508049546527,0.007261408028365052,0.007525224824480354
reference_q75,capture_4,conditional27,True,True,True,1,perturbed_nominal,-2,Stopped because `callback` function raised `StopIteration` or returned `True`,stable_step_cost_and_stationarity,27,1622.8334261667185,0.0005663175839643354,4.1410895883510604e-12,1586.814075147246,15.530644567782439,20.48870645168894,1.8861471458443755,0.4119100590945886,0.9385593833514919,0.004102036917997952,0.00131916471576728
reference_q75,capture_4,conditional37,True,True,True,0,nominal,-2,Stopped because `callback` function raised `StopIteration` or returned `True`,stable_step_cost_and_stationarity,71,1484.8220584910205,0.0006352088288335416,3.0344095345168494e-12,1431.0536012366665,28.194642845254016,25.57381440909997,1.8043444170499796,0.5468660790347354,1.286541751426705,0.007767951716543698,0.01073477576530007
reference_q75,gaze_+0,conditional27,True,True,True,1,perturbed_nominal,-2,Stopped because `callback` function raised `StopIteration` or returned `True`,stable_step_cost_and_stationarity,15,1938.127716820469,0.00018775312635366248,2.9015037949690858e-12,1911.9818542108715,13.928166225608642,12.21769638398881,1.9853523657495822,0.426434176565448,0.7774847971549071,0.006579151868437224,0.0033443310933677253
reference_q75,gaze_+0,conditional37,True,True,True,0,nominal,-2,Stopped because `callback` function raised `StopIteration` or returned `True`,stable_step_cost_and_stationarity,45,1740.832177820063,0.0002913365064287632,3.2695902075811965e-12,1705.600572146548,16.468928408291706,18.762677265223243,1.8743326814839747,0.35011702038672954,1.136872464816724,0.007866288341950252,0.006716292967590584
reference_q75,gaze_+10,conditional27,True,True,True,2,additional_training_states,-2,Stopped because `callback` function raised `StopIteration` or returned `True`,stable_step_cost_and_stationarity,17,1761.7780956285885,0.00010916257000492813,3.808506224451188e-12,1745.1167652464383,6.80033552019968,9.860994861950683,1.9641240832471356,0.28989131946640745,0.5699217780867987,0.0028420347350465057,0.004096396437558131
reference_q75,gaze_+10,conditional37,True,True,True,3,additional_training_states,-2,Stopped because `callback` function raised `StopIteration` or returned `True`,stable_step_cost_and_stationarity,49,1636.5155484647937,0.00013353573782359796,1.5059691289781127e-12,1617.0549207671786,7.062704406328147,12.397923291287016,1.9001629076784767,0.19311872392420054,0.8060677956771508,0.002827961314447325,0.0037080017217135156
reference_q75,gaze_+5,conditional27,True,True,True,2,additional_training_states,-2,Stopped because `callback` function raised `StopIteration` or returned `True`,stable_step_cost_and_stationarity,10,1938.389964387745,0.0005914058500722241,1.8925146104922887e-12,1899.7444272431774,15.55344957821508,23.092087566353136,1.9746435167806278,0.4265574257150367,0.898323974589842,0.004054341394312794,0.0019663275005173207
reference_q75,gaze_+5,conditional37,True,True,True,1,perturbed_nominal,-2,Stopped because `callback` function raised `StopIteration` or returned `True`,stable_step_cost_and_stationarity,43,1818.002265706453,0.0002579851725512672,2.551164629430005e-12,1794.6110086503454,8.330884538737566,15.06037251737001,1.9211225412007529,0.22131256307886776,0.8574615158937655,0.0038890233422342046,0.005551034933722054
reference_q75,gaze_-10,conditional27,True,True,True,0,nominal,-2,Stopped because `callback` function raised `StopIteration` or returned `True`,stable_step_cost_and_stationarity,35,1583.6923811506945,0.0009685543773771954,2.1998929288037055e-12,1536.089531780953,20.684474667083478,26.91837470265852,1.7190725105023106,0.48057489988236635,1.0686944691559508,0.004006226589386365,0.0024628907684233507
reference_q75,gaze_-10,conditional37,True,True,True,2,additional_training_states,-2,Stopped because `callback` function raised `StopIteration` or returned `True`,stable_step_cost_and_stationarity,44,1367.1059899389704,0.0008486059076995289,3.286934861340841e-12,1336.022815709301,20.21208833976058,10.871085889908809,1.6142421364861463,0.5406938347400595,0.8362563298314281,0.005134641642288986,0.006344402544678257
reference_q75,gaze_-5,conditional27,True,True,True,2,additional_training_states,-2,Stopped because `callback` function raised `StopIteration` or returned `True`,stable_step_cost_and_stationarity,15,1683.7462006011795,0.0009728042258005942,3.24073736247733e-12,1645.9871169554253,18.24328133121083,19.51580231454337,1.9411808140605713,0.4641047431597217,0.9665415601542484,0.00383203980082296,0.000991842070988983
reference_q75,gaze_-5,conditional37,True,True,True,2,additional_training_states,-2,Stopped because `callback` function raised `StopIteration` or returned `True`,stable_step_cost_and_stationarity,114,1558.530482379699,0.0009993370853982409,2.1026594587389797e-12,1495.7462169107614,26.37874454721056,36.405520921727046,1.8509136770599448,0.5934524009176317,1.0469871620192794,0.013723479055103722,0.016764764213016863
