ambiguous_rows,baseline_valid_rows,best_rejected_start_cost,bound_rows,calibration_converged,calibration_cost,estimated_rows,evaluation_rows,fixation_mean_accommodation_demand_discrepancy_D_mean,fixation_mean_accommodation_demand_discrepancy_D_median,fixation_mean_accommodation_demand_discrepancy_D_p95,fixation_mean_accommodation_demand_discrepancy_D_rms,fixation_mean_gaze_anchor_discrepancy_deg_mean,fixation_mean_gaze_anchor_discrepancy_deg_median,fixation_mean_gaze_anchor_discrepancy_deg_p95,fixation_mean_gaze_anchor_discrepancy_deg_rms,fold,frame_accommodation_demand_discrepancy_D_mean,frame_accommodation_demand_discrepancy_D_median,frame_accommodation_demand_discrepancy_D_p95,frame_accommodation_demand_discrepancy_D_rms,frame_gaze_anchor_discrepancy_deg_mean,frame_gaze_anchor_discrepancy_deg_median,frame_gaze_anchor_discrepancy_deg_p95,frame_gaze_anchor_discrepancy_deg_rms,geometry_cost_mean,geometry_cost_median,geometry_cost_p95,geometry_cost_rms,heldout_error_px_mean,heldout_error_px_median,heldout_error_px_p95,heldout_error_px_rms,holdout_tests,inverse_failure_rows,model,starts_converged,testable_holdouts,weak_rank_rows
0,22,,0,True,1760.7843522955773,22,32,-0.4707415199585098,-0.7097846975471248,0.2090525835067868,0.6745341881879496,-0.757478702290157,-0.8401040757197622,-0.24248116131426928,0.8537521689238551,gaze_+10,-0.3237284042201872,-0.5342641475846039,0.39823651978131,0.6249473213481131,-0.6250551804372408,-0.5423506681905392,-0.0783163414005176,0.7553376652545691,5502.854968168148,4205.004912726534,10963.81536734249,6259.8839578959,3.3105027250590036,3.4439645131811636,4.803877995001008,3.488241289952351,66,0,conditional27,2,66,0
0,22,,0,True,1635.7897617165434,22,32,-0.2578724560321892,-0.4592108037361685,0.3079733602353185,0.4796249195961214,-0.9403415269689539,-1.0402161761391016,-0.43755723719151235,1.0121865889433967,gaze_+10,-0.14344885961856618,-0.35586709157799545,0.480965540023853,0.4873157119272492,-0.8159426667314331,-0.7808462922872659,-0.2804041358461881,0.9128691009791084,12628.426878594117,11940.049997845595,16598.053336176752,13029.235028238563,6.405679472327631,6.721250519151905,8.935266012406249,6.712034059849496,66,0,conditional37,3,66,0
0,22,,0,True,1.7883444051580193,22,32,-0.2310881595632803,-0.40140062854786684,0.3326410250390353,0.4646605035953339,-0.6003275423432406,-0.6687515311810595,-0.13718669763053656,0.7037135854590452,gaze_+10,-0.10189694338222108,-0.2995748095264006,0.5118307452616471,0.4561970357118255,-0.47030256504602636,-0.3549385487821928,0.03644547606630713,0.606068763003446,2.0889027557610758e-26,0.0,0.0,9.797822406360341e-26,,,,,0,0,two_channel13,2,0,0
0,30,,0,True,1938.0197651426718,30,32,-0.022072484205516746,-0.02330109719532647,0.22716666429274146,0.2052842846048037,-0.14730232091953296,-0.11747004940972348,-0.06416978705687684,0.17397377846669917,gaze_+0,-0.021990576672862885,-0.0381285040799656,0.2793980130553492,0.2609321721507509,-0.14516087917812273,-0.133112249778142,0.09154511082674414,0.3177128879519808,6909.691245574107,1746.0053015274807,8508.527751937483,23139.862367167432,2.348748615555506,1.8017617959690113,5.305748345949135,3.441384319951888,90,0,conditional27,2,90,0
0,30,,0,True,1740.4438144145222,30,32,-0.7155628400480551,-0.8156304348759067,-0.03156758060715663,0.8808774524245429,-0.732623462036503,-0.7506432903913705,-0.37970288026703425,0.8002549748369981,gaze_+0,-0.6892570321460061,-0.7813869885633261,0.1044406858034604,0.8683115981320607,-0.7112776224984921,-0.5030916793402507,-0.34072572795954315,0.8251618531781335,7590.202859990093,2476.8005056406896,9612.277727971317,23991.048948877145,2.8873952326569943,2.0942486830874145,5.772204599280865,3.940284466230614,90,0,conditional37,3,90,0
0,30,,0,True,2.070568773638018,30,32,-0.3986182892356351,-0.5198779769112738,-0.03889183243922491,0.4740089751901895,-0.3639146259802605,-0.31942913163963477,-0.19274640130803045,0.402825987163127,gaze_+0,-0.38893668114587937,-0.5026339744900747,0.054140907188001255,0.4792501831358964,-0.35411059313817916,-0.29318715277970164,-0.14901360957394272,0.462409572353237,5.773589486869629e-28,0.0,2.269556606071971e-27,1.3230301623502304e-27,,,,,0,0,two_channel13,2,0,0
0,31,,0,True,2102.6963746382357,31,40,0.30105935165393133,0.21926590883357777,1.5805273753813907,1.0740024687449259,0.0619173213000042,-0.17073093830900543,0.8407834179328243,0.5762657061075267,capture_3,0.5073751220907036,0.3141579058717774,1.9214257854750323,1.0782959828401804,0.17408904438417594,0.1907247124574436,1.241974692792854,0.629336688402058,4963.725787769076,2493.492198277164,13872.426366882373,7512.0966104729805,2.4377526836780317,2.2308247345706507,4.7809535500690705,2.825891363220641,93,0,conditional27,2,93,0
0,31,,0,True,1984.113591982046,31,40,-0.7762278140117611,-1.0429210046541202,0.442259040133154,1.1911805467956256,-0.2589270157358716,-0.2583275244350318,0.14610226501228496,0.4933393019791214,capture_3,-0.9816466303550082,-1.0245268545289428,0.24598413808839048,1.2494597424713658,-0.3243731684022689,-0.31548039637044667,0.2758703387583479,0.5952075212632398,4917.071934358701,3044.6692458899342,14111.62124028247,7260.0525661444,2.434070385686049,2.198576767383357,5.022318035519614,2.843694965426345,93,0,conditional37,3,93,0
0,31,,0,True,2.1780246580021694,31,40,-0.11188796720763801,-0.3161662267092411,0.4499368796547053,0.38876108536664117,-0.14587122159246352,-0.09769494722196193,0.26637966680754,0.3332348582043129,capture_3,-0.06152049576109686,-0.20621101730093327,0.7493657899534059,0.42712430473621793,-0.10269884204968051,-0.16213974702781986,0.6253548528515229,0.43605092587832145,3.9416246185255085e-26,0.0,3.200474765645497e-25,1.2607857087292877e-25,,,,,0,0,two_channel13,2,0,0
0,34,,1,True,1232.0657510276183,34,40,0.23959269305074962,0.17705113645190895,1.1980169254979012,0.9322771607817332,-0.04546707387699089,-0.1070522904557796,0.5988008009613554,0.6288663466834798,capture_2,0.3231477589513879,0.20966626647757103,1.4845060471387728,0.9284028292571119,0.013953683706508768,-0.015137799813851684,0.8249971152708031,0.6038873007104715,9920.689805287875,5818.0285419583415,23523.103426419442,14190.640331725172,3.749976481402457,3.5536161246841838,6.450582142513456,4.1030003737499765,102,0,conditional27,2,102,0
0,34,,11,True,1080.971825874934,34,40,0.14246232962518474,0.2615328054966293,1.9757248313381088,1.6926730795031608,0.38723346134408637,0.08343568053494502,1.1657529465904737,0.7235639360837336,capture_2,0.09496862422059914,0.2043791307526912,1.9999999999999991,1.698996447562315,0.37234962961018014,0.03678098257242163,1.2471199288911996,0.7322077799094185,12348.797990295037,10736.83221690645,23740.622487100816,15531.574872641331,4.139817669753129,4.062436772297271,6.526329359330305,4.470131253619443,102,0,conditional37,3,102,0
0,34,,6,True,1.7647098374063264,34,40,0.7488056153598539,0.12985774372776326,1.838826625108543,1.151002875121244,0.3797959704134932,0.10696068136378667,0.9938171206472977,0.6315427973120005,capture_2,0.714132505374453,0.23163373327381676,1.9999999999999991,1.1468112975765066,0.3614197508241367,0.10670278319416182,1.1638641472449198,0.6365303914567004,91.6923164935755,0.0,221.27113258097236,440.2204925409671,,,,,0,0,two_channel13,2,0,0
0,39,,0,True,1622.212888822645,39,40,-0.40432947185977025,-0.6142122850386835,0.5112971654826257,0.8385543497447552,0.1679652302459464,0.11814637110728085,0.43238960300787277,0.24466971016762404,capture_4,-0.3802882804901223,-0.5177001942481174,0.7164625480448771,0.83769764720992,0.1730993348666749,0.16330806705762613,0.5117715377924519,0.26608167143236133,7378.399158547223,4327.360341188693,15833.824508594453,18496.602697215723,2.5536278820266607,1.8650728754835304,6.214953572286861,3.480300783885276,117,0,conditional27,2,117,0
0,39,,0,True,1484.2157375472325,39,40,-0.6387992215690184,-0.9471491187279957,0.3179293786413938,0.9117630587137806,0.2590848575529197,0.16515743168232433,0.6689103300590595,0.4016447587105282,capture_4,-0.6676584986000892,-0.8795744319973267,0.6539907651726317,0.9328217875234058,0.24731892395494243,0.17944493169450393,0.9251816146090572,0.4103083148885659,7287.462468473309,4142.050867410947,14031.831711372452,18544.29042075033,2.4633680572363073,1.8076171185622278,6.235800490279227,3.414141380717777,117,0,conditional37,3,117,0
0,39,,0,True,2.572676472748905,39,40,-0.5374615721352,-0.5413887281396912,-0.44649805012712185,0.541708467282885,0.060473307600635115,0.0358816904051622,0.14068160718482403,0.08109493955944722,capture_4,-0.5378456632104921,-0.5462842792574254,-0.27857006314677535,0.5582320781972813,0.06110386188769857,0.0990396012479291,0.21993284614423564,0.13654393901044976,2.805208351163999e-26,0.0,1.5925892542972108e-25,1.1160113038564757e-25,,,,,0,0,two_channel13,2,0,0
0,39,,0,True,1522.5746530506244,39,40,0.15444588616852417,-6.332618995352757e-05,0.7113929350656228,0.39687434509650704,0.23050355074791923,0.21444037249955805,0.6907886800744347,0.4619812352143216,capture_1,0.1634935624449968,0.006047384929315336,0.8964030701107917,0.40594885148343646,0.2185464691666712,0.20079035054850003,0.8212003330598565,0.4650925698438609,15778.97349448638,10915.081355946058,51873.62668506768,21750.21160665721,4.677178835918068,4.251411141439635,9.730607844854568,5.2322866691651395,117,0,conditional27,2,117,0
0,39,,0,True,1374.9504613821282,39,40,0.4294063536501479,-0.03779443265414528,1.6840381533527204,0.9209812887068638,0.66739139466423,0.38651587231118967,1.9001086493142225,1.0471901534829462,capture_1,0.4420042416858854,-0.007692596700835053,2.3018937505387047,0.9406685053386015,0.6665259531628792,0.372784852125144,2.482961876948693,1.068804693041721,18056.634799341933,12203.127503761207,57143.028244837034,24362.89346975356,5.210664498876601,4.814367859392352,10.173710675440597,5.828116357552843,117,0,conditional37,3,117,0
0,39,,0,True,1.8696556572693441,39,40,0.5964498436091162,0.5806678754305712,0.7504577695907064,0.6058730869701293,-0.08959009355309926,-0.1209063850101213,0.07457683276188827,0.14279242452515886,capture_1,0.5968545094598481,0.5749000901693455,0.8398052268158968,0.6086361770937799,-0.08879507913559834,-0.13609299923924212,0.2581118558782766,0.16964617183306716,3.314759609101515e-27,0.0,3.231540288897326e-26,1.035033389336075e-26,,,,,0,0,two_channel13,2,0,0
0,32,,0,True,1938.5144267787416,32,32,-0.5119544992242804,-0.5784408695388367,-0.10970514061247304,0.5975825894045708,0.009536899208590244,0.012031675880313397,0.17255795095818507,0.13554142654866247,gaze_+5,-0.5119544992242804,-0.6006767595394191,-0.015448228322731215,0.6072473440558551,0.009536899208589994,0.03175059986585538,0.247806567273529,0.18261814788911312,5699.381356779675,4119.880534332256,21273.276125872093,8804.351208352795,3.2965183448348774,2.7892025669253533,6.056462340311745,3.7529611599309938,96,0,conditional27,2,96,0
0,32,,8,True,1817.9118772906259,32,32,0.8681444983922902,0.6112953120614714,1.8309800514816088,1.1120978028777295,0.7133437804413225,0.6150852522295351,1.3463120793995151,0.856230854204307,gaze_+5,0.8681444983922901,0.5291092644858597,1.9999999999999991,1.1241769059471556,0.7133437804413225,0.6155673635540713,1.5058552300370214,0.8648023417725328,6126.985223635944,5073.979093505294,18861.39642892023,8938.172351592144,3.4049390156967614,3.2972785212551825,6.008815297836236,3.833948864947613,96,0,conditional37,3,96,0
0,32,,0,True,1.7564901682218135,32,32,0.18694423970907625,-0.055096623528707395,1.0700944590685129,0.6674385803055787,0.34912703222036856,0.1741210890845344,0.9029056803330234,0.5275265504617287,gaze_+5,0.1869442397090764,-0.05145570495079274,1.3977419612902309,0.6895044179008025,0.3491270322203688,0.12229272405072011,1.0865833298360925,0.5637039695987766,4.506893349779227e-27,0.0,0.0,2.5494838797707567e-26,,,,,0,0,two_channel13,2,0,0
0,30,,0,True,1683.2116110384445,30,32,0.8188837417941939,0.6543000662810416,1.3925686069493612,0.9161364271040369,0.7924867557837029,0.7818514152825822,1.2502251341354198,0.8757066874395304,gaze_-5,0.8079114967599834,0.6813188351545965,1.7475228712815798,0.9226760486305159,0.7755825292290922,0.7659286074608778,1.651445353286746,0.877157368626963,3877.4450397303026,2309.8736467121817,9325.278712372101,4919.505461555629,2.3837528005279243,2.354787322696362,4.418229419728308,2.5970971394040654,90,0,conditional27,2,90,0
0,30,,0,True,1559.4271896168775,30,32,-0.3157304252433586,-0.28139706464633635,0.08699324943166695,0.4826086328855724,0.4561161878483768,0.42909849977713943,0.8087065988781234,0.5337403073844563,gaze_-5,-0.3134415345368903,-0.2869983927242,0.2802777753554154,0.49868403976247666,0.4436356201716015,0.4299464673952884,1.1537434283855068,0.5429997619080525,4740.244818891754,2076.055062845495,14364.243635341243,6894.958276660823,2.493729234287213,2.225072688928985,5.382858275405837,2.8390641692094647,90,0,conditional37,3,90,0
0,30,,0,True,2.5171701393272556,30,32,0.11938451486096174,0.09956673525891313,0.516251699628927,0.3388270753719324,0.2798825109427763,0.26521882589773016,0.5060828663314996,0.3320410796958164,gaze_-5,0.10964900122526886,0.07520080054872613,0.7594169302982325,0.38119113753714234,0.27099308629766694,0.23426932588547622,0.8111029756153015,0.35610718560072246,3.1205538890264588e-27,0.0,3.09932759113229e-26,9.868526544072264e-27,,,,,0,0,two_channel13,2,0,0
0,29,,10,True,1583.3827693220267,29,32,2.144857534557696,1.9596018490397278,2.678554974328869,2.1783370046914508,-1.0927588591410413,-1.0053160254820073,-0.6886751849774779,1.1607888442639478,gaze_-10,2.1370789557875995,1.9999999999999991,2.999999999999999,2.1888899607954104,-1.093887475041775,-1.0450751211219327,-0.4482334853183354,1.1698403120733838,9775.594341896534,5050.472350270911,27555.489428056768,19263.058850666624,3.083522555278481,2.8837241357543197,6.021329605175487,3.710787352758341,87,0,conditional27,2,87,0
0,29,,23,True,1367.02593386342,29,32,2.458758089830913,2.499999999999999,3.8499999999999988,2.724760495948112,0.019047938073290638,0.11862948388558259,0.3437896331432839,0.33919745668956675,gaze_-10,2.5119043625953643,2.999999999999999,3.999999999999999,2.9441618506636074,0.030973585283151747,0.06893678369785938,0.4304794278274571,0.38769315063306337,77322.63750505801,36508.88754887559,194100.69752881178,99561.70922416484,10.584484992895886,9.305845860348104,23.906107979063748,11.886900517658406,87,0,conditional37,3,87,0
0,29,,6,True,2.818044546477403,29,32,-0.4033698089399741,-0.3909555416593727,0.2171710403724128,0.6581073450380686,-0.45763307375358897,-0.5548005744972073,0.2595939959826839,0.7368664482076955,gaze_-10,-0.42912320890522926,-0.36036036036036034,0.8195324030427714,0.7529367517579385,-0.44672443600947553,-0.46563895269382627,0.365188851261246,0.7406104670577679,96.81394456250725,0.0,594.4375276939552,229.10497562544907,,,,,0,0,two_channel13,2,0,0
