fixation_index,training_support,nominal_theta_deg,nominal_A_D,theta_mean_deg,A_mean_D,theta_sd_deg,A_sd_D,theta_mean_change_from_source_deg,A_mean_change_from_source_D
0,True,-15.0,0.36036036036036034,-15.180971089964714,0.35806682526667855,0.3808191654584388,0.037158711786428725,-2.0850491112315846e-05,-7.570709181436946e-06
1,True,-7.5,0.36036036036036034,-7.559257136398064,0.34158519603262844,0.29729594954861843,0.05334313656437266,7.34216730538082e-05,-2.902846340747804e-05
2,True,0.0,0.36036036036036034,0.35946385553720034,0.24331939962741386,0.047451928061712986,0.057443625771939136,0.00037956783934705565,-2.7354599196493668e-05
3,True,7.5,0.36036036036036034,7.485093650983263,0.5980987277582486,0.1611127496209654,0.04690432917551731,-0.0002663126453128599,0.00022469511622962487
4,True,15.0,0.36036036036036034,14.194238660576183,0.5712594339083804,0.614286618847743,0.0957148260744296,-0.0024251168037525738,0.0004556592556011377
5,True,-15.0,4.0,-14.617179586799166,3.643316651694603,0.11427913603017699,0.15831245753353085,0.0005765921406167457,-0.0008697039263488041
6,True,-7.5,4.0,-7.64634721956594,4.292204094305522,0.14474797150490437,0.13844027650303345,0.00019226843811256055,0.0005110449335078637
7,True,0.0,4.0,-0.3924711413664511,4.01087924351005,0.04305748653338289,0.14046448646819007,-0.0004078621061689495,-9.328410032608434e-05
8,True,7.5,4.0,6.89674763356938,3.4923429662225884,0.16005285165562153,0.32800650795370306,-0.0011497939315616337,-0.0013138370021148404
9,True,15.0,4.0,14.607572954270019,4.259965175723823,0.20774743443489924,0.23845985851013116,-0.0014442579617583767,0.0004263598139538871
15,True,-15.0,2.0,-14.978732633264276,2.0918828127636866,0.21960556501661804,0.10698199557699052,-0.0001926894271677046,0.0001780673484269822
16,True,-7.5,2.0,-7.493931709192757,2.54450576683563,0.14813368888605308,0.09133612741747922,2.6851704608531895e-05,0.0007441749972638744
17,True,0.0,2.0,0.047832202155543374,1.869835831373869,0.05946110988183735,0.3082016262713808,0.00015151358004731163,-0.0001778619178384547
18,True,7.5,2.0,8.23361635164308,1.8265422859714597,0.3124024015366639,0.13590501274688663,0.0008777030882676426,-0.0001824318414459993
19,True,15.0,2.0,16.04194302433558,1.824823181023411,0.329129793135186,0.08278708463692123,0.001200286773242313,-9.522019618191225e-05
