model,fixation,band,corr,var_share_theta,pred_slope_via_d,corr_observations_d_rho4,A_share_from_rho4,pred_slope_via_rho4,slope_deg_per_D,var_share_A,theta_share_from_rho4
H3,10,slow,-0.9611781164343117,0.8415536353885041,-8.351543689084423,0.13229856058817094,0.971573931137924,-0.39968522079575924,-0.3923138880583597,0.9451675923652534,0.9156737044283986
H3,10,mid,-0.6199274679292159,0.10456440163457037,-8.351543689084423,0.06153301910101922,0.9865852310605004,-0.39968522079575924,-0.46808134788146966,0.03431702115990759,0.29885614958036516
H3,10,fast,-0.7426493722457225,0.053881962976925636,-8.351543689084423,0.23091210914684157,0.9591057235446518,-0.39968522079575924,-0.5206057859738195,0.02051538647483893,0.3870381298750127
H3,11,slow,-0.23667212855190287,0.46497938686066675,-27.069074658083007,0.6053448114387048,1.0259525045595008,0.07052901615134616,-0.028045465120213532,0.9549102487426698,-0.14108982906779552
H3,11,mid,0.2598336956184889,0.4576061034371633,-27.069074658083007,-0.16265278799605526,1.0029398003194945,0.07052901615134616,0.15880145000386128,0.035329194551699174,0.031920672285661256
H3,11,fast,0.07141848311050451,0.07741450970217002,-27.069074658083007,0.05551279390496167,1.0103476621469112,0.07052901615134616,0.034155800512552424,0.009760556705630957,0.012628613263118607
H3,12,slow,0.684049157295454,0.5700052472357503,17.035439816052985,0.7434935229314737,1.0219932782992744,0.4067378804324047,0.1908441384167725,0.7855264338244298,0.9985263443611971
H3,12,mid,0.5544090544150408,0.31539671292633925,17.035439816052985,0.45515526438952897,0.9939621917085484,0.4067378804324047,0.23627687063748742,0.18626889935535856,0.5119132248635703
H3,12,fast,0.7326515466182665,0.11459803983791039,17.035439816052985,-0.14058895943895663,0.9962961936066963,0.4067378804324047,0.4836799300847805,0.028204666820211718,0.43905259084413434
H3,13,slow,0.933877671647665,0.9092353455124926,6.663703658995223,0.6693547710588484,1.0531066205541921,0.7653160355564566,0.5795521207189823,0.9313202066547246,1.1998804710218314
H3,13,mid,0.7805089462772887,0.06959042815178124,6.663703658995223,0.5625144035539882,1.058597062299019,0.7653160355564566,0.5412898394380585,0.0570785931048853,0.8207664245023548
H3,13,fast,0.9454774274682841,0.02117422633572611,6.663703658995223,-0.10274547987848409,0.9720110997562511,0.7653160355564566,0.8022640734526459,0.011601200240390156,0.817851568135833
H3,14,slow,0.9872243801679338,0.9426167064843151,4.84310202603961,0.6608818597638281,0.9985971657604404,1.0109910122191004,0.8826609925045484,0.9528824430696832,1.1105752743763566
H3,14,mid,0.8776313267032542,0.03900226433520283,4.84310202603961,0.42220784806098566,1.0180524238588806,1.0109910122191004,0.8490047647031388,0.033678606734197376,0.8764032631657146
H3,14,fast,0.9810632168841995,0.018381029180481998,4.84310202603961,-0.16704363491303215,0.9187660761599729,1.0109910122191004,1.0314053774730585,0.013438950196119386,0.8586578774437453
Full,10,slow,-0.9626047727368549,0.8436426500274072,-9.536634427058235,0.13229856058817094,0.9726939305832567,-0.4262411688714347,-0.4202765473425589,0.9451870023406769,0.9151844505048399
Full,10,mid,-0.6195114699403623,0.10300758180696548,-9.536634427058235,0.06153301910101922,0.9877675497997546,-0.4262411688714347,-0.49583014881932624,0.03434278713613823,0.30265654745851583
Full,10,fast,-0.7432723918409656,0.05334976816562736,-9.536634427058235,0.23091210914684157,0.961600315480711,-0.4262411688714347,-0.5545233870783258,0.020470210523184994,0.39047000646678953
Full,11,slow,-0.27678109055198274,0.47210073232341765,-34.49355070552259,0.6053448114387048,1.025787168604815,0.06583348517557841,-0.03391489851523606,0.9548781811795473,-0.14978458699170435
Full,11,mid,0.2546132309994813,0.4512796391207937,-34.49355070552259,-0.16265278799605526,1.0023650187066804,0.06583348517557841,0.1585034088388736,0.035363233540014145,0.0282318300108185
Full,11,fast,0.0627644194917812,0.0766196285557888,-34.49355070552259,0.05551279390496167,1.0103669016323502,0.06583348517557841,0.03064790975641745,0.009758585280438502,0.009915423897651331
Full,12,slow,0.6642310292280217,0.5641653205239716,17.78446884231493,0.7434935229314737,1.0212192645950604,0.39372694734429553,0.17929693375745698,0.7856745079436358,0.9689242447974207
Full,12,mid,0.5366814321674394,0.3193441287374599,17.78446884231493,0.45515526438952897,0.9935744308594898,0.39372694734429553,0.22390403092465888,0.18617095790053514,0.4900070199384925
Full,12,fast,0.7246141710640949,0.11649055073856855,17.78446884231493,-0.14058895943895663,0.9965499359007833,0.39372694734429553,0.46951539862602887,0.028154534155828956,0.42870151774092613
Full,13,slow,0.9297753085920958,0.9080579143801238,6.921035606138203,0.6693547710588484,1.0518197930837592,0.737678259107571,0.5534293853344219,0.931274699125685,1.1997196863046646
Full,13,mid,0.7690925308025116,0.0704902481611546,6.921035606138203,0.5625144035539882,1.0569003015017617,0.737678259107571,0.5149013557469513,0.057144024722242094,0.8050578594141594
Full,13,fast,0.9426916649251894,0.0214518374587215,6.921035606138203,-0.10274547987848409,0.9715805699564832,0.737678259107571,0.7733748445791957,0.011581276152072847,0.8131339186843245
Full,14,slow,0.9868252051549613,0.9423820467949815,4.919314260351387,0.6608818597638281,0.9951197772078817,0.9904971738370922,0.8622437758839027,0.9528405909089874,1.1094859990739567
Full,14,mid,0.8740453443887103,0.03908658339817216,4.919314260351387,0.42220784806098566,1.0149218357813403,0.9904971738370922,0.8275949184947263,0.033653707975233725,0.8719712641157461
Full,14,fast,0.9805765077062083,0.01853136980684635,4.919314260351387,-0.16704363491303215,0.9130447053457794,0.9904971738370922,1.0091672218964862,0.013505701115778965,0.8539929283162341
H3-Full,10,corr_A_slow,0.999999893273982,,,,,,,,
H3-Full,10,corr_theta_slow,0.9999842770096953,,,,,,,,
H3-Full,10,diff_theta_sd_slow,0.001425250691887913,,,,,,,,
H3-Full,10,diff_theta_sd_fast,0.00041259647807293735,,,,,,,,
H3-Full,10,diff_A_sd_slow,0.007736426399183181,,,,,,,,
H3-Full,10,diff_A_sd_fast,0.0019326772283640577,,,,,,,,
H3-Full,10,diff_theta_mean,-0.0062648279518652105,,,,,,,,
H3-Full,10,diff_A_mean,0.013818055849937998,,,,,,,,
H3-Full,10,corr_difference,0.9904246389451912,,,,,,,,
H3-Full,11,corr_A_slow,0.9999992308151426,,,,,,,,
H3-Full,11,corr_theta_slow,0.9990769491560171,,,,,,,,
H3-Full,11,diff_theta_sd_slow,0.0010426091860092958,,,,,,,,
H3-Full,11,diff_theta_sd_fast,0.00030401640089860896,,,,,,,,
H3-Full,11,diff_A_sd_slow,0.004883619111537565,,,,,,,,
H3-Full,11,diff_A_sd_fast,0.0010816877190091894,,,,,,,,
H3-Full,11,diff_theta_mean,-0.020693523323217798,,,,,,,,
H3-Full,11,diff_A_mean,-0.0342003512940358,,,,,,,,
H3-Full,11,corr_difference,0.9785909220144184,,,,,,,,
H3-Full,12,corr_A_slow,0.9999997562435787,,,,,,,,
H3-Full,12,corr_theta_slow,0.9996582699454591,,,,,,,,
H3-Full,12,diff_theta_sd_slow,0.0009652496696819723,,,,,,,,
H3-Full,12,diff_theta_sd_fast,0.000557123678467178,,,,,,,,
H3-Full,12,diff_A_sd_slow,0.00021210936487775123,,,,,,,,
H3-Full,12,diff_A_sd_fast,0.00010307655977835158,,,,,,,,
H3-Full,12,diff_theta_mean,0.012646155434034858,,,,,,,,
H3-Full,12,diff_A_mean,-0.05792806714174972,,,,,,,,
H3-Full,12,corr_difference,-0.8857958149764533,,,,,,,,
H3-Full,13,corr_A_slow,0.999997054562152,,,,,,,,
H3-Full,13,corr_theta_slow,0.999959181663706,,,,,,,,
H3-Full,13,diff_theta_sd_slow,0.00417516752826115,,,,,,,,
H3-Full,13,diff_theta_sd_fast,0.0011431813837581657,,,,,,,,
H3-Full,13,diff_A_sd_slow,0.0035555823881655447,,,,,,,,
H3-Full,13,diff_A_sd_fast,0.0010202098540105548,,,,,,,,
H3-Full,13,diff_theta_mean,0.06064036646582113,,,,,,,,
H3-Full,13,diff_A_mean,-0.009027841489686684,,,,,,,,
H3-Full,13,corr_difference,-0.9722896243646267,,,,,,,,
H3-Full,14,corr_A_slow,0.9999965080241157,,,,,,,,
H3-Full,14,corr_theta_slow,0.9999986787618536,,,,,,,,
H3-Full,14,diff_theta_sd_slow,0.0023020631688138366,,,,,,,,
H3-Full,14,diff_theta_sd_fast,0.0007994499549459274,,,,,,,,
H3-Full,14,diff_A_sd_slow,0.009585944087015547,,,,,,,,
H3-Full,14,diff_A_sd_fast,0.0022502176228520526,,,,,,,,
H3-Full,14,diff_theta_mean,0.027745748245953713,,,,,,,,
H3-Full,14,diff_A_mean,0.04782451331031103,,,,,,,,
H3-Full,14,corr_difference,0.9252231712515078,,,,,,,,
