family,candidate,fold,capture,fixation,scheduled_frames,paired_complete_frames,paired_scored_points,log_complete_frames,candidate_complete_frames,log_scored_slots,candidate_scored_slots,log_bound_slots,candidate_bound_slots,delta_E_px_squared,log_E_px_rms,candidate_E_px_rms,log_E_px_p95,candidate_E_px_p95,delta_E_px_p95,delta_G_theta_deg_squared,log_G_theta_deg_rms,candidate_G_theta_deg_rms,delta_G_A_D_squared,log_G_A_D_rms,candidate_G_A_D_rms,delta_worst_point_px_squared,log_worst_point_px_rms,candidate_worst_point_px_rms,log_worst_point_px_p95,candidate_worst_point_px_p95,delta_worst_point_px_p95,log_x_signed_mean,candidate_x_signed_mean,delta_x_signed_mean,log_x_rms,candidate_x_rms,delta_x_squared_error,log_y_signed_mean,candidate_y_signed_mean,delta_y_signed_mean,log_y_rms,candidate_y_rms,delta_y_squared_error,theta_anchor_true,theta_anchor_false,theta_anchor_unknown,A_anchor_true,A_anchor_false,A_anchor_unknown,theta_empirical_true,theta_empirical_false,theta_empirical_unknown,A_empirical_true,A_empirical_false,A_empirical_unknown,P1_context_valid_true,P1_context_valid_false,P1_context_valid_unknown,context_outside_training_extrema_true,context_outside_training_extrema_false,context_outside_training_extrema_unknown,p1_parity_seen_in_training_true,p1_parity_seen_in_training_false,p1_parity_seen_in_training_unknown
gaze,ar27_sqrt,gaze_-10,capture_1_detections.pkl,0,8,7,21,7,7,21,21,0,0,-0.8556615178246008,4.835349479763441,4.746044992793893,8.681939129628837,8.405099371839391,-0.27683975778944614,-0.00870943158366365,0.11129407497005979,0.060637773209259914,-0.033474487076731875,0.6126604887576361,0.5847036748713091,-1.7104155282255251,6.695699092933476,6.566732126018591,12.260217415734434,11.941437858384747,-0.31877955734968744,0.6387093479502309,0.653614492437425,0.014905144487194044,1.1288833857593419,1.2540897756808633,0.2983634668238031,0.37454608236788545,0.2351113508465449,-0.13943473152134056,4.701725948288044,4.57735752461578,-1.1540249846484052,0,21,0,20,1,0,0,21,0,21,0,0,21,0,0,0,21,0,21,0,0
gaze,ar27_sqrt,gaze_-10,capture_2_detections.pkl,5,8,7,21,7,7,21,21,16,20,14.386334913453158,4.305966967676264,5.738265107170657,6.054848098621772,7.321969669836826,1.2671215712150543,0.09185120486475573,0.26793351005499727,0.40452388146455215,-0.04519442792398165,0.21711458799223285,0.044094403216909134,17.432402129103494,5.223633485997617,6.687207857180686,7.367943502444813,8.507937865308568,1.1399943628637548,0.19571596593211943,0.0718537115919519,-0.12386225434016752,3.1949062414020086,4.660421235204037,11.512100198191213,-0.989025945810137,-0.7763532230845785,0.21267272272555848,2.886853933847296,3.347859069708813,2.8742347152619523,0,21,0,0,21,0,0,21,0,21,0,0,21,0,0,0,21,0,21,0,0
gaze,ar27_sqrt,gaze_-10,capture_3_detections.pkl,10,8,7,21,7,7,21,21,7,16,1.472079597184459,2.681050508218984,2.9428067256967,2.948372951413459,3.342550666046016,0.3941777146325567,-0.01918177173751436,0.2296393135827922,0.18317325843381613,-0.10447665104482222,0.34253025976317364,0.11335928638009753,1.8452597334049954,3.3347947422400144,3.600849303466703,3.843064248316282,4.371783814466504,0.528719566150222,0.31781864426607226,0.1730794917682163,-0.14473915249785596,1.385667350200826,2.078637275284712,2.4006589167904733,1.9263364758877866,1.7178430220705454,-0.20849345381724116,2.2952032202418797,2.08311749611074,-0.9285793196060146,0,21,0,0,21,0,0,21,0,21,0,0,21,0,0,0,21,0,21,0,0
gaze,ar27_sqrt,gaze_-10,capture_4_detections.pkl,15,8,8,24,8,8,24,24,0,0,-1.3113679338430142,2.6353066026989485,2.373493829017817,3.5402966855284075,3.2155248813187103,-0.3247718042096972,-0.016952648228906075,0.15482292234514647,0.08377045454445844,-0.06676425976487738,0.45045455683345215,0.3689783842004087,-1.9546649240652767,3.44821288507766,3.1520639550539453,4.804893876873292,4.4284014286340145,-0.3764924482392775,0.31995389148267606,0.29742697808528834,-0.022526913397387716,0.9196069899722098,1.0380768709894739,0.2319265740775488,1.9380925275250362,1.5910164737654782,-0.3470760537595581,2.469648532529057,2.134448258052268,-1.5432945079205638,0,24,0,0,24,0,0,24,0,24,0,0,24,0,0,0,24,0,24,0,0
gaze,ar27_sqrt,gaze_-5,capture_1_detections.pkl,1,8,8,24,8,8,24,24,0,0,0.029283200961263744,2.0339479593651673,2.0411338766398917,2.2726689670300018,2.281771269671926,0.009102302641924354,0.004929956261218828,0.09266759254318233,0.11626366142939112,0.011586685589770634,0.1386257485549032,0.17551006738126984,0.10348564100964619,2.5833127363863078,2.6032653216653427,3.078201312655936,3.102792092114949,0.02459077945901278,-0.49664242296594807,-0.49502588580953005,0.0016165371564180187,1.5626506667182474,1.5715854800288436,0.028003814842508135,0.26689831730775876,0.2565566736011746,-0.010341643706584136,1.3019474625386176,1.3024387054021007,0.0012793861187549993,24,0,0,24,0,0,24,0,0,24,0,0,24,0,0,0,24,0,24,0,0
gaze,ar27_sqrt,gaze_-5,capture_2_detections.pkl,6,8,7,21,7,7,21,21,0,0,-0.7112826169897879,2.5258729353288745,2.380913998538611,3.1755308492747027,3.03745541196385,-0.1380754373108526,-0.023401787210317198,0.20165471863571266,0.1313881209917062,-0.04816231603628973,0.31229790375933986,0.22218835400665843,-1.1031141852232742,3.2214959264217624,3.045475630953026,3.7811482240058494,3.612646953022293,-0.1685012709835565,-0.2022776591289271,-0.16110122638293606,0.04117643274599103,1.136368635239362,1.062427102606279,-0.16258232680339768,-2.0082911647718333,-1.9040955393183263,0.10419562545350702,2.255814799639176,2.130727603445533,-0.5487002901863924,21,0,0,0,21,0,21,0,0,21,0,0,21,0,0,9,12,0,21,0,0
gaze,ar27_sqrt,gaze_-5,capture_3_detections.pkl,11,8,7,21,7,7,21,21,0,0,0.28969350556038176,2.4301839102293683,2.489073591338369,3.5127438900573704,3.6567160237740413,0.14397213371667084,-0.015412224045392229,0.17889692226966797,0.12880949014792115,-0.02573148707152659,0.24774187366133238,0.1887976400639081,0.6770584444570478,3.027869059123238,3.137682183340577,4.594254321284264,4.771006535823954,0.1767522145396896,-0.24531444658731788,-0.2180062998549488,0.027308146732369087,1.8756166160036098,1.9129103675996464,0.1412883842413808,0.424634747912643,0.567401547512943,0.14276679960030003,1.5452689563014168,1.592564368754956,0.1484051213190014,21,0,0,0,21,0,21,0,0,21,0,0,21,0,0,18,3,0,21,0,0
gaze,ar27_sqrt,gaze_-5,capture_4_detections.pkl,16,8,8,24,8,8,24,24,0,0,0.28940502652458794,3.225886868610796,3.270435921341398,3.940080298731556,3.988052879678521,0.04797258094696488,-0.0014051317929413174,0.1491498729373878,0.14436257411219022,-0.0007274059468444451,0.22707564551229423,0.22546827457090424,0.43965933807998536,4.111685211923633,4.164806672587753,5.12816517236989,5.185011135645108,0.05684596327521785,-0.2792464052993135,-0.28737796129105203,-0.008131555991738537,1.4485949078132216,1.4303703772601661,-0.052467790799005876,2.39366177274916,2.451788508180575,0.058126735431415,2.882346072582745,2.9410528216026255,0.34187281732359054,24,0,0,24,0,0,24,0,0,24,0,0,24,0,0,0,24,0,24,0,0
gaze,ar27_sqrt,gaze_+0,capture_1_detections.pkl,2,8,8,24,8,8,24,24,0,0,0.06835849443069034,2.621339870770634,2.6343464488412485,3.605919466723706,3.6129209678660654,0.007001501142359423,0.009504066996646921,0.10789478294239825,0.14541441188147122,0.02315212132267857,0.15371571026577158,0.21628832817604654,0.18100476152617884,3.4727102509711774,3.4986742130021877,4.877464787836389,4.951012742578691,0.07354795474230258,-0.2482161563677844,-0.25272717647266535,-0.004511020104880942,0.9409457851744493,0.9276207583822004,-0.024898699255992196,-0.9227632870145541,-0.9851804791847579,-0.062417192170203806,2.446639276120255,2.465623844210817,0.09325719368668395,24,0,0,23,1,0,24,0,0,24,0,0,24,0,0,0,24,0,24,0,0
gaze,ar27_sqrt,gaze_+0,capture_2_detections.pkl,7,8,7,21,7,7,21,21,0,0,-0.3617830275483859,2.8689355126609555,2.8051752081213737,3.918678032606903,3.839090262293467,-0.07958777031343578,-0.04740781966343539,0.3773229359078115,0.30816355770703163,-0.06715103280718705,0.4255945087794605,0.33760872781378626,-0.5572351416832184,3.9379055574562916,3.8665055331347875,5.341528433478424,5.249584789224562,-0.09194364425386237,-0.01712214519968603,0.0169597124690015,0.03408185766868753,1.6116827157159967,1.5977395087396853,-0.044749638349959486,-1.798046637440423,-1.711201820096362,0.08684481734406102,2.373451031656118,2.3056965130890625,-0.3170333891984285,21,0,0,4,17,0,21,0,0,21,0,0,21,0,0,0,21,0,21,0,0
gaze,ar27_sqrt,gaze_+0,capture_3_detections.pkl,12,8,7,21,7,7,21,21,0,0,0.032461916314663074,2.2456424641304147,2.252858626949411,3.116323546472563,3.1187594707383868,0.002435924265823619,-0.006867135920240575,0.2117808663119691,0.19489484194202672,-0.012512832415273572,0.26422634977209897,0.23937988950330394,0.048398447482956373,3.0502507877798166,3.0581740166044096,4.180440691448268,4.186274126878965,0.0058334354306968095,0.04379593177469858,0.03964583503799141,-0.0041500967367071664,1.4754208798280075,1.4737507639942777,-0.004925458258734139,-0.228052858890164,-0.2009837435828293,0.02706911530733469,1.6929392499653588,1.7039456208009303,0.03738737457339614,21,0,0,21,0,0,21,0,0,21,0,0,21,0,0,0,21,0,21,0,0
gaze,ar27_sqrt,gaze_+0,capture_4_detections.pkl,17,8,8,24,8,8,24,24,0,0,0.44388175955779174,5.091740829872613,5.135144247063527,9.867746529196154,9.955095803502878,0.08734927430672457,0.03782455718139789,0.23159585629985308,0.30242552444636694,0.08398436857912044,0.3448659182348185,0.4504629509061372,0.6180415545824746,7.046218006929044,7.089938628489923,13.666315861375244,13.753130733027009,0.08681487165176449,0.05255247122116202,0.03512613567210584,-0.017426335549056184,0.43737876957967137,0.4488471416385439,0.010163568478063795,-2.2301336065117994,-2.298689207621789,-0.0685556011099897,5.072920706113277,5.115490463444591,0.4337181910797234,24,0,0,24,0,0,24,0,0,24,0,0,24,0,0,0,24,0,24,0,0
gaze,ar27_sqrt,gaze_+5,capture_1_detections.pkl,3,8,8,24,8,8,24,24,0,1,-0.5060757256486803,4.4365840518165784,4.379178270313339,6.337439405802321,6.202960524160413,-0.13447888164190847,0.033552597704253104,0.2583917610574164,0.31673158965693027,0.04466564162487453,0.20571795921675542,0.2949330777806741,-1.1776665025591433,5.685798065568836,5.581275225239047,8.515724460143154,8.286157968976742,-0.2295664911664126,-0.15012494998220424,-0.10387853402545962,0.04624641595674463,3.323595171201821,3.264808014414199,-0.3873134910528737,1.5607885450694734,1.5313562766412663,-0.02943226842820712,2.9388761775204384,2.918600855238918,-0.11876223459580082,24,0,0,6,18,0,24,0,0,12,12,0,24,0,0,24,0,0,24,0,0
gaze,ar27_sqrt,gaze_+5,capture_2_detections.pkl,8,8,8,24,8,8,24,24,0,0,0.16568691359702759,4.456489757674786,4.475040544381391,5.158606479874204,5.215578059255741,0.05697157938153641,-0.028194530145649717,0.6028242572806571,0.5789667995838157,-0.053887806209193624,0.45879000063672143,0.39572775802949334,-0.023030033637974512,5.768616805139594,5.7666203109708,6.497308867461525,6.509450640840531,0.012141773379005905,-0.13420817303157642,-0.13908926712651257,-0.004881094094936145,4.15184551263413,4.1540708868422165,0.01848377212991892,0.3145055090155206,0.3754952812850429,0.06098977226952229,1.619407237071675,1.6642364438225787,0.1472031414671071,24,0,0,17,7,0,24,0,0,24,0,0,24,0,0,24,0,0,24,0,0
gaze,ar27_sqrt,gaze_+5,capture_3_detections.pkl,13,8,8,24,8,8,24,24,0,0,0.015378761443849864,3.2973001138704494,3.29963131309756,5.800356011512135,5.825947969564711,0.025591958052576302,0.011722001355265126,0.3207165107528213,0.33849827418279355,0.006463079989542081,0.2644974852126442,0.2764452923696749,0.01875053192649967,4.124124344257158,4.126396992391913,7.178694430726813,7.2291195435322555,0.05042511280544293,0.14145022753144096,0.13206862800448013,-0.009381599526960827,2.113580954620168,2.0916169584238307,-0.09236295096694569,-0.7742893931796431,-0.826752985112087,-0.052463591932443876,2.5308029534511327,2.552000255017184,0.10774171241079422,24,0,0,24,0,0,24,0,0,24,0,0,24,0,0,12,12,0,24,0,0
gaze,ar27_sqrt,gaze_+5,capture_4_detections.pkl,18,8,8,24,8,8,24,24,0,0,-0.02903369904147679,2.433742269395938,2.4277701157241007,3.917470218393328,3.9750638607946067,0.05759364240127862,0.009340263678843433,0.18881795074127475,0.21211431399360559,0.009765755329135128,0.14844773817707527,0.17833251610131173,-0.033279886665037284,2.9811986960677093,2.975611832677571,4.826436059448656,4.889209078074265,0.06277301862560947,0.03994042483813587,0.03510255648098829,-0.0048378683571475775,1.4234885895572753,1.409853389545714,-0.03863318458622245,-0.20664728459742557,-0.2812343400749218,-0.07458705547749625,1.9740267650781054,1.9764567171555958,0.009599485544745434,24,0,0,24,0,0,24,0,0,24,0,0,24,0,0,0,24,0,24,0,0
gaze,ar27_sqrt,gaze_+10,capture_1_detections.pkl,4,8,8,24,8,8,24,24,0,0,0.41385244190798953,3.2519660544793703,3.3149865250697643,3.709356103504557,3.880605446879616,0.17124934337505904,0.005825077541064594,0.12021663714965915,0.14239774362200197,0.008368649856515364,0.10949095677844924,0.14267767685512547,0.2507312350640267,3.936780357938669,3.9684973002026527,4.407864683060425,4.394659417379986,-0.013205265680438671,0.12215638352524631,0.17738828523647499,0.05523190171122867,2.6114589542055775,2.5593285915870156,-0.2695550297857121,1.2908208359688562,1.5449289037826546,0.25410806781379836,1.9379281075379535,2.1068869978428686,0.6834074716937009,0,24,0,24,0,0,0,24,0,24,0,0,24,0,0,0,24,0,24,0,0
gaze,ar27_sqrt,gaze_+10,capture_2_detections.pkl,9,8,5,15,5,5,15,15,0,0,0.13272585541801335,3.9194100871354443,3.936305537754543,4.3847085481834585,4.359435589585114,-0.025272958598344886,-0.003071725679961809,0.398442935045498,0.3945694448480636,-0.030746326026751487,0.3132286443234534,0.25954933557602683,0.1061154309302843,4.572669349483139,4.584257890938601,5.01088882103765,4.9730973058278405,-0.03779151520980939,0.23454298240699245,0.19450323710063913,-0.04003974530635332,3.2244273396852634,3.2828046901678767,0.3798749648784234,1.4947767142044464,1.3835152399235577,-0.11126147428088862,2.228192936491202,2.1720254724033214,-0.24714910946041435,0,15,0,14,1,0,0,15,0,15,0,0,15,0,0,15,0,0,15,0,0
gaze,ar27_sqrt,gaze_+10,capture_3_detections.pkl,14,8,2,6,2,2,6,6,0,0,0.04858422524041339,3.2638888789103038,3.2713231022194633,3.8978659183879074,3.8793896823839,-0.018476236004007607,0.005077183525265112,0.2599112030449094,0.2695014229897817,-0.005572328793896492,0.21571603953816978,0.20238844067815914,-0.012323663073010138,3.7739434778141345,3.7723103942627563,4.350485298454202,4.2879747557336225,-0.06251054272057921,0.15326515961332157,0.13617087543017684,-0.017094284183144737,2.109607787382179,2.1706105932516704,0.2611053309528364,1.455060370901587,1.393171866328989,-0.06188850457259809,2.4904870201008533,2.4474485677085034,-0.21252110571242522,0,6,0,6,0,0,0,6,0,6,0,0,6,0,0,0,6,0,6,0,0
gaze,ar27_sqrt,gaze_+10,capture_4_detections.pkl,19,8,7,21,7,7,21,21,0,0,-0.43043053586904684,3.4841504430512154,3.421823165206661,4.653019675130554,4.523896982216562,-0.1291226929139917,0.023800582327163457,0.35340964061597185,0.38561503654224094,0.01648985366488441,0.26153086464423025,0.2913558765950039,-0.6102656873460587,4.194312138450984,4.12092084702087,5.786050273163783,5.601582852815626,-0.18446742034815689,0.04956953065755529,0.049533232986710744,-3.6297670844544216e-05,2.539503195248539,2.5318203456293573,-0.03896221613478179,-1.3360771953943797,-1.265976841613121,0.07010035378125878,2.3854198437877643,2.301903453970686,-0.3914683197342663,0,21,0,21,0,0,0,21,0,21,0,0,21,0,0,0,21,0,21,0,0
gaze,ar27_linear,gaze_-10,capture_1_detections.pkl,0,8,7,21,7,7,21,21,0,0,-2.1016497825974096,4.835349479763441,4.612911749519079,8.681939129628837,8.103238979630415,-0.5787001499984221,0.014339826711770818,0.11129407497005979,0.16348149080312457,-0.1027303956165377,0.6126604887576361,0.522132625745804,-4.169753598666591,6.695699092933476,6.376725863987222,12.260217415734434,11.562065528990303,-0.6981518867441316,0.6387093479502309,0.645247945634586,0.006538597684355052,1.1288833857593419,1.3393221705734046,0.5194061779459807,0.37454608236788545,0.12340528343708272,-0.2511407989308027,4.701725948288044,4.414201052541866,-2.6210559605433943,0,21,0,18,3,0,0,21,0,21,0,0,21,0,0,0,21,0,21,0,0
gaze,ar27_linear,gaze_-10,capture_2_detections.pkl,5,8,7,21,7,7,21,21,16,20,26.993361608138276,4.305966967676264,6.747941399779446,6.054848098621772,8.31730588856843,2.2624577899466587,0.20550433368841273,0.26793351005499727,0.5265858899541499,-0.04685964594239167,0.21711458799223285,0.016706237656795766,33.79476283487894,5.223633485997617,7.815440463013876,7.367943502444813,9.569901750196795,2.201958247751982,0.19571596593211943,-0.05557680757905679,-0.25129277351117624,3.1949062414020086,5.541470725507454,20.500471910306597,-0.989025945810137,-0.9217140272182183,0.06731191859191876,2.886853933847296,3.8505603920989575,6.49288969783167,0,21,0,0,21,0,0,21,0,0,21,0,21,0,0,0,21,0,21,0,0
gaze,ar27_linear,gaze_-10,capture_3_detections.pkl,10,8,7,21,7,7,21,21,7,20,4.782391973310382,2.681050508218984,3.4598300248612874,2.948372951413459,4.053701722215759,1.1053287708023003,0.013884311468086382,0.2296393135827922,0.25810564854505286,-0.11566686232942845,0.34253025976317364,0.04074452753436643,8.140976180576493,3.3347947422400144,4.38883038558659,3.843064248316282,5.371477180856008,1.5284129325397262,0.31781864426607226,0.07379758239855912,-0.24402106186751316,1.385667350200826,2.792699480317834,5.879096381954923,1.9263364758877866,1.4729281269294054,-0.4534083489583811,2.2952032202418797,2.042364662239374,-1.096704408644542,0,21,0,0,21,0,0,21,0,1,20,0,21,0,0,0,21,0,21,0,0
gaze,ar27_linear,gaze_-10,capture_4_detections.pkl,15,8,8,24,8,8,24,24,0,0,-2.6329581678987437,2.6353066026989485,2.0765073374129766,3.5402966855284075,2.840827942772188,-0.6994687427562196,-0.02149458639450984,0.15482292234514647,0.04975490818986015,-0.12598834406178316,0.45045455683345215,0.27734628843782755,-4.036751235053499,3.44821288507766,2.8023955584039344,4.804893876873292,3.987109740415583,-0.8177841364577092,0.31995389148267606,0.258770225968874,-0.061183665513802055,0.9196069899722098,1.0655544237419126,0.28972921395021156,1.9380925275250362,1.2512565337893662,-0.6868359937356701,2.469648532529057,1.7822672337149583,-2.9226873818489554,0,24,0,0,24,0,0,24,0,24,0,0,24,0,0,0,24,0,24,0,0
gaze,ar27_linear,gaze_-5,capture_1_detections.pkl,1,8,8,24,8,8,24,24,0,0,0.033042097472604115,2.0339479593651673,2.04205445541453,2.2726689670300018,2.2830746934798696,0.010405726449867814,0.008914423878234186,0.09266759254318233,0.13229401568469923,0.02212586191743518,0.1386257485549032,0.20332968322368092,0.17969253165035248,2.5833127363863078,2.6178611929638413,3.078201312655936,3.1266523160367274,0.048451003380791224,-0.49664242296594807,-0.49687502246943893,-0.00023259950349086012,1.5626506667182474,1.5692605469876646,0.02070155813704133,0.26689831730775876,0.23410834458650717,-0.03278997272125159,1.3019474625386176,1.306678129665568,0.012340539335561784,24,0,0,24,0,0,24,0,0,24,0,0,24,0,0,0,24,0,24,0,0
gaze,ar27_linear,gaze_-5,capture_2_detections.pkl,6,8,7,21,7,7,21,21,0,0,-1.3697232739648013,2.5258729353288745,2.238372357643407,3.1755308492747027,2.89991447276824,-0.27561637650646276,-0.033807202745611865,0.20165471863571266,0.0828095574341305,-0.07240271611667219,0.31229790375933986,0.15851581806181272,-2.1657969895270393,3.2214959264217624,2.8657004404551722,3.7811482240058494,3.4367780988869217,-0.34437012511892773,-0.2022776591289271,-0.1256383000121857,0.07663935911674138,1.136368635239362,1.0018028869037374,-0.28772465094710786,-2.0082911647718333,-1.7926482915047797,0.21564287326705367,2.255814799639176,2.001674745620137,-1.0819986230176957,21,0,0,0,21,0,21,0,0,21,0,0,21,0,0,9,12,0,21,0,0
gaze,ar27_linear,gaze_-5,capture_3_detections.pkl,11,8,7,21,7,7,21,21,0,0,0.6303212288419334,2.4301839102293683,2.556582693045472,3.5127438900573704,3.8015181493838988,0.28877425932652834,-0.022757923559882813,0.17889692226966797,0.09615708625825141,-0.03967880293240667,0.24774187366133238,0.14729980662859307,1.3455574225217055,3.027869059123238,3.242460248286407,4.594254321284264,4.9437205945372265,0.3494662732529621,-0.24531444658731788,-0.19296162618866491,0.052352820398652966,1.8756166160036098,1.953542593412172,0.29839097404672144,0.424634747912643,0.7044221301995186,0.2797873822868756,1.5452689563014168,1.6491774926017158,0.3319302547952119,21,0,0,0,21,0,21,0,0,21,0,0,21,0,0,18,3,0,21,0,0
gaze,ar27_linear,gaze_-5,capture_4_detections.pkl,16,8,8,24,8,8,24,24,0,0,0.6631861652540469,3.225886868610796,3.3270906591690004,3.940080298731556,4.05048785662557,0.11040755789401402,-0.005933105092146907,0.1491498729373878,0.12772070899071936,-0.0068789018175083845,0.22707564551229423,0.21138696025847178,1.0888309978834039,4.111685211923633,4.242026199805335,5.12816517236989,5.268941518441024,0.1407763460711342,-0.2792464052993135,-0.29351863647997806,-0.014272231180664563,1.4485949078132216,1.408877222248863,-0.11349217957072377,2.39366177274916,2.5277690716391183,0.13410729888995832,2.882346072582745,3.0140665598088483,0.77667834482477,24,0,0,24,0,0,24,0,0,24,0,0,24,0,0,0,24,0,24,0,0
gaze,ar27_linear,gaze_+0,capture_1_detections.pkl,2,8,8,24,8,8,24,24,0,1,0.4106484722259746,2.621339870770634,2.698531302452832,3.605919466723706,3.7017294441559034,0.09580997743219744,0.03095321852881558,0.10789478294239825,0.2063843567594279,0.08148793319767184,0.15371571026577158,0.32421667566641676,0.7077697211101801,3.4727102509711774,3.573161934241223,4.877464787836389,4.980101890282677,0.10263710244628843,-0.2482161563677844,-0.26698900822444216,-0.018772851856657752,0.9409457851744493,0.8996813817904906,-0.07595238189711429,-0.9227632870145541,-1.2173202147037994,-0.29455692768924524,2.446639276120255,2.5441392653660557,0.48660085412308973,24,0,0,18,6,0,24,0,0,24,0,0,24,0,0,0,24,0,24,0,0
gaze,ar27_linear,gaze_+0,capture_2_detections.pkl,7,8,7,21,7,7,21,21,0,0,-0.7130829068939667,2.8689355126609555,2.7418439176789793,3.918678032606903,3.7667195415265247,-0.15195849108037818,-0.07698450253884204,0.3773229359078115,0.25571096070221233,-0.1024438205069993,0.4255945087794605,0.2805117919022853,-1.159337282727715,3.9379055574562916,3.787844096147231,5.341528433478424,5.155610372276713,-0.18591806120171128,-0.01712214519968603,0.048414317396891636,0.06553646259657767,1.6116827157159967,1.5652686101071416,-0.1474553543509476,-1.798046637440423,-1.6354977372754271,0.1625489001649958,2.373451031656118,2.2511424315503605,-0.5656275525430203,21,0,0,4,17,0,21,0,0,21,0,0,21,0,0,0,21,0,21,0,0
gaze,ar27_linear,gaze_+0,capture_3_detections.pkl,12,8,7,21,7,7,21,21,0,0,0.09060932257572991,2.2456424641304147,2.2657271237466907,3.116323546472563,3.132144482268731,0.015820935796167834,-0.012784318334561293,0.2117808663119691,0.17907210000803267,-0.020415855841294444,0.26422634977209897,0.22226045098620925,0.1357432500792204,3.0502507877798166,3.0724213770950444,4.180440691448268,4.1996968421303285,0.019256150682060102,0.04379593177469858,0.03700785326054215,-0.006788078514156429,1.4754208798280075,1.4656331953892932,-0.028786109205421795,-0.228052858890164,-0.21062132901668443,0.017431529873479568,1.6929392499653588,1.7278422196064147,0.11939543178115031,21,0,0,21,0,0,21,0,0,21,0,0,21,0,0,0,21,0,21,0,0
gaze,ar27_linear,gaze_+0,capture_4_detections.pkl,17,8,8,24,8,8,24,24,0,1,1.6769266611884976,5.091740829872613,5.2538320623884,9.867746529196154,10.191695066133335,0.3239485369371806,0.10976456149247904,0.23159585629985308,0.4042291455941064,0.2618315195729169,0.3448659182348185,0.6170607920884793,1.8954671585329095,7.046218006929044,7.179460659388281,13.666315861375244,13.932405940331616,0.26609007895637227,0.05255247122116202,0.012961319376174174,-0.03959115184498785,0.43737876957967137,0.4566225864356603,0.01720399836416478,-2.2301336065117994,-2.4946786721171086,-0.2645450656053092,5.072920706113277,5.233951390043392,1.6597226628243256,24,0,0,23,1,0,24,0,0,24,0,0,24,0,0,0,24,0,24,0,0
gaze,ar27_linear,gaze_+5,capture_1_detections.pkl,3,8,8,24,8,8,24,24,0,14,-4.414437020645008,4.4365840518165784,3.907536439777395,6.337439405802321,5.9085845938361015,-0.4288548119662199,0.05609436611745212,0.2583917610574164,0.35051486173884994,0.09358856454021655,0.20571795921675542,0.3686576233913022,-8.475896615216618,5.685798065568836,4.883892200613123,8.515724460143154,7.834578568332171,-0.6811458918109832,-0.15012494998220424,0.008091515843939115,0.15821646582614335,3.323595171201821,2.545806677446826,-4.565153223103214,1.5607885450694734,1.185590864494742,-0.37519768057473146,2.9388761775204384,2.9644070889902,0.15071620245820938,24,0,0,3,21,0,24,0,0,9,15,0,24,0,0,24,0,0,24,0,0
gaze,ar27_linear,gaze_+5,capture_2_detections.pkl,8,8,8,24,8,8,24,24,0,0,0.3412157198651955,4.456489757674786,4.494609736131211,5.158606479874204,5.2713560658886385,0.1127495860144343,-0.059501005588152474,0.6028242572806571,0.5512677022806827,-0.09465940407095202,0.45879000063672143,0.340336393312985,-0.08198507216159845,5.768616805139594,5.761506293702832,6.497308867461525,6.524278512525862,0.0269696450643373,-0.13420817303157642,-0.14974508890024177,-0.015536915868665346,4.15184551263413,4.159815883320325,0.06624702234389801,0.3145055090155206,0.43163727412997116,0.11713176511445056,1.619407237071675,1.7021893246643902,0.27496869752129705,24,0,0,16,8,0,24,0,0,24,0,0,24,0,0,24,0,0,24,0,0
gaze,ar27_linear,gaze_+5,capture_3_detections.pkl,13,8,8,24,8,8,24,24,0,0,0.06732665433883295,3.2973001138704494,3.30749371809969,5.800356011512135,5.866159627318089,0.06580361580595362,0.01516338174494777,0.3207165107528213,0.3435439739166041,0.006807724752482262,0.2644974852126442,0.2770679419137032,0.09098522118275842,4.124124344257158,4.135140484684564,7.178694430726813,7.305233079842529,0.12653864911571677,0.14145022753144096,0.11868136400269691,-0.02276886352874405,2.113580954620168,2.062453532013348,-0.21350988001876736,-0.7742893931796431,-0.9001632423393389,-0.1258738491596958,2.5308029534511327,2.585691420791463,0.2808365343575989,24,0,0,24,0,0,24,0,0,24,0,0,24,0,0,12,12,0,24,0,0
gaze,ar27_linear,gaze_+5,capture_4_detections.pkl,18,8,8,24,8,8,24,24,0,0,-0.027100778138855253,2.433742269395938,2.4281681687448327,3.917470218393328,4.071825729882095,0.1543555114887667,0.016640468882019463,0.18881795074127475,0.22867594408716,0.019156823145560747,0.14844773817707527,0.2029619523838156,-0.03503535308161637,2.9811986960677093,2.9753168423470795,4.826436059448656,4.993142531847715,0.166706472399059,0.03994042483813587,0.02581910586306435,-0.014121318975071517,1.4234885895572753,1.386958993496649,-0.10266451495852302,-0.20664728459742557,-0.39978730050611944,-0.19314001590869387,1.9740267650781054,1.993074360395115,0.07556373681966821,24,0,0,24,0,0,24,0,0,24,0,0,24,0,0,0,24,0,24,0,0
gaze,ar27_linear,gaze_+10,capture_1_detections.pkl,4,8,8,24,8,8,24,24,0,0,1.2569561472899695,3.2519660544793703,3.4398022278578884,3.709356103504557,4.14507583553548,0.4357197320309232,0.01808862095067496,0.12021663714965915,0.1803903012865375,0.02170497342994712,0.10949095677844924,0.1835571928479169,0.9027275839229105,3.936780357938669,4.049810757378006,4.407864683060425,4.573938468852574,0.1660737857921486,0.12215638352524631,0.253582805610525,0.13142642208527866,2.6114589542055775,2.484583580339677,-0.646562301806962,1.2908208359688562,1.8930887631488176,0.6022679271799614,1.9379281075379535,2.3788828888960807,1.9035184490969295,0,24,0,24,0,0,0,24,0,24,0,0,24,0,0,0,24,0,24,0,0
gaze,ar27_linear,gaze_+10,capture_2_detections.pkl,9,8,5,15,5,5,15,15,0,0,0.5620606819977993,3.9194100871354443,3.9904681571385665,4.3847085481834585,4.376428390678381,-0.00828015750507749,0.006724191115326084,0.398442935045498,0.40679351470125114,-0.05024824427477067,0.3132286443234534,0.2187782881136467,0.5974418963498135,4.572669349483139,4.6375367250354325,5.01088882103765,5.1034490212857095,0.09256020024805967,0.23454298240699245,0.14924455890328167,-0.08529842350371078,3.2244273396852634,3.372972926551871,0.9800146943421097,1.4947767142044464,1.287505196617235,-0.2072715175872113,2.228192936491202,2.1323437222654733,-0.4179540123443113,0,15,0,14,1,0,0,15,0,15,0,0,15,0,0,15,0,0,15,0,0
gaze,ar27_linear,gaze_+10,capture_3_detections.pkl,14,8,2,6,2,2,6,6,0,0,0.2800489157043611,3.2638888789103038,3.3065116859885313,3.8978659183879074,3.9119866024388847,0.014120684050977328,0.00897854867166252,0.2599112030449094,0.2766448664622473,-0.013784984975379583,0.21571603953816978,0.18096525837478764,0.33115549430199653,3.7739434778141345,3.8175653063225834,4.350485298454202,4.299363119174206,-0.05112217927999563,0.15326515961332157,0.1229559777744953,-0.030309181838826277,2.109607787382179,2.2386064102361463,0.560913643366832,1.455060370901587,1.3870325543261117,-0.0680278165754753,2.4904870201008533,2.4334462947902415,-0.2808647276624745,0,6,0,6,0,0,0,6,0,6,0,0,6,0,0,0,6,0,6,0,0
gaze,ar27_linear,gaze_+10,capture_4_detections.pkl,19,8,7,21,7,7,21,21,0,0,-1.1377610908537694,3.4841504430512154,3.316857431208072,4.653019675130554,4.318254400265797,-0.3347652748647567,0.03541507370122013,0.35340964061597185,0.4003916180210701,0.017424629619530126,0.26153086464423025,0.29295566692093333,-1.658854663633802,4.194312138450984,3.9916662750189253,5.786050273163783,5.3035013140430864,-0.4825489591206962,0.04956953065755529,0.05611643897450016,0.00654690831694487,2.539503195248539,2.51420136386897,-0.12786798059695226,-1.3360771953943797,-1.1146967073667557,0.221380488027624,2.3854198437877643,2.1634081262858427,-1.0098931102568205,0,21,0,21,0,0,0,21,0,21,0,0,21,0,0,0,21,0,21,0,0
gaze,ar27_quadratic,gaze_-10,capture_1_detections.pkl,0,8,7,21,7,7,21,21,0,0,-3.043799129863836,4.835349479763441,4.50963473704742,8.681939129628837,8.081786599736647,-0.6001525298921901,0.01621572441635761,0.11129407497005979,0.16912154073268992,-0.2303477111455859,0.6126604887576361,0.38079543502930757,-5.378089636969809,6.695699092933476,6.281265533802911,12.260217415734434,11.532203291104564,-0.7280141246298708,0.6387093479502309,0.6487704263462888,0.010061078396057854,1.1288833857593419,1.3233352002210292,0.47683835350055626,0.37454608236788545,0.4479804577148424,0.07343437534695696,4.701725948288044,4.311100719009093,-3.5206374833643963,0,21,0,19,2,0,0,21,0,21,0,0,21,0,0,0,21,0,21,0,0
gaze,ar27_quadratic,gaze_-10,capture_2_detections.pkl,5,8,7,21,7,7,21,21,16,1,5.99131960702599,4.305966967676264,4.95304665168269,6.054848098621772,7.181214236203083,1.1263661375813108,0.06949546374803514,0.26793351005499727,0.3758774129399457,-0.031172092822877466,0.21711458799223285,0.12635921611089374,5.629934320560982,5.223633485997617,5.737271225643476,7.367943502444813,8.40715613615955,1.0392126337147367,0.19571596593211943,0.06678168972790456,-0.12893427620421488,3.1949062414020086,3.68565598818744,3.3766341719124267,-0.989025945810137,-2.2741637565723583,-1.2851378107622211,2.886853933847296,3.308868548383748,2.6146854351135644,0,21,0,0,21,0,0,21,0,1,20,0,21,0,0,0,21,0,21,0,0
gaze,ar27_quadratic,gaze_-10,capture_3_detections.pkl,10,8,7,21,7,7,21,21,7,0,-3.366038913849125,2.681050508218984,1.9549917937863956,2.948372951413459,2.4684352073485445,-0.47993774406491463,-0.014582699949586189,0.2296393135827922,0.19532412650051648,-0.1017764384822122,0.34253025976317364,0.12470180580575008,-5.358537501700275,3.3347947422400144,2.400482966232289,3.843064248316282,3.0950460828078317,-0.7480181655084501,0.31781864426607226,0.1778600200499151,-0.13995862421615715,1.385667350200826,1.5157141710594253,0.37731544293778185,1.9263364758877866,0.715658968841421,-1.2106775070463656,2.2952032202418797,1.2347483409269226,-3.7433543567869068,0,21,0,0,21,0,0,21,0,3,18,0,21,0,0,0,21,0,21,0,0
gaze,ar27_quadratic,gaze_-10,capture_4_detections.pkl,15,8,8,24,8,8,24,24,0,0,-3.31686952987371,2.6353066026989485,1.904723434085632,3.5402966855284075,2.7269540939108508,-0.8133425916175567,-0.018582378152039405,0.15482292234514647,0.07340135646874552,-0.17606121637032107,0.45045455683345215,0.1638538720985889,-5.15770407748225,3.44821288507766,2.5946999871533025,4.804893876873292,3.847948703100782,-0.9569451737725099,0.31995389148267606,0.20770574423461832,-0.11224814724805773,0.9196069899722098,0.6728276020275744,-0.39298003395557196,1.9380925275250362,1.3694235772255823,-0.568668950299454,2.469648532529057,1.781929958866169,-2.923889495918138,0,24,0,0,24,0,0,24,0,24,0,0,24,0,0,0,24,0,24,0,0
gaze,ar27_quadratic,gaze_-5,capture_1_detections.pkl,1,8,8,24,8,8,24,24,0,0,-0.020420269528886537,2.0339479593651673,2.0289218890526173,2.2726689670300018,2.267132676734122,-0.005536290295879542,0.010521626285706595,0.09266759254318233,0.13823497746032243,0.02752558997301307,0.1386257485549032,0.21620057385543712,0.20040896540363307,2.5833127363863078,2.621814955213153,3.078201312655936,3.1508786732453484,0.07267736058941221,-0.49664242296594807,-0.5045022921314958,-0.007859869165547706,1.5626506667182474,1.5433029186016538,-0.0600932076306,0.26689831730775876,0.1778252867380227,-0.08907303056973606,1.3019474625386176,1.317095339492346,0.03967293810171246,24,0,0,24,0,0,24,0,0,24,0,0,24,0,0,0,24,0,24,0,0
gaze,ar27_quadratic,gaze_-5,capture_2_detections.pkl,6,8,7,21,7,7,21,21,0,0,-2.0294403040133924,2.5258729353288745,2.0858077048025097,3.1755308492747027,2.7581360422049586,-0.4173948070697442,-0.03879336247211849,0.20165471863571266,0.043258098385504,-0.08954427349951853,0.31229790375933986,0.08936278416074209,-3.2371282796727985,3.2214959264217624,2.6722476914162,3.7811482240058494,3.2467110740851215,-0.5344371499207279,-0.2022776591289271,-0.08128868767521237,0.12098897145371472,1.136368635239362,0.9467731633488748,-0.3949542523181352,-2.0082911647718333,-1.6688737429170553,0.3394174218547781,2.255814799639176,1.8585516830521223,-1.6344860516952604,21,0,0,0,21,0,21,0,0,21,0,0,21,0,0,9,12,0,21,0,0
gaze,ar27_quadratic,gaze_-5,capture_3_detections.pkl,11,8,7,21,7,7,21,21,0,0,1.058446985279644,2.4301839102293683,2.6389848091297052,3.5127438900573704,3.958755254293779,0.4460113642364085,-0.02649268747696351,0.17889692226966797,0.07423894746422599,-0.05220805796785561,0.24774187366133238,0.09574955873199609,2.083344834788328,3.027869059123238,3.354301100674203,4.594254321284264,5.126529822757379,0.5322755014731149,-0.24531444658731788,-0.15886978469769378,0.0864446618896241,1.8756166160036098,2.0068249135848086,0.5094085435558418,0.424634747912643,0.8392448665181129,0.4146101186054699,1.5452689563014168,1.7137370244680692,0.5490384417238015,21,0,0,0,21,0,21,0,0,21,0,0,21,0,0,18,3,0,21,0,0
gaze,ar27_quadratic,gaze_-5,capture_4_detections.pkl,16,8,8,24,8,8,24,24,0,0,1.1179293992597008,3.225886868610796,3.394742330182847,3.940080298731556,4.126694996439381,0.18661469770782535,-0.01423640863100696,0.1491498729373878,0.08949455830513925,-0.024326344499035486,0.22707564551229423,0.16503637261461374,1.9817216252361884,4.111685211923633,4.345995502435279,5.12816517236989,5.3829453337410245,0.25478016137113446,-0.2792464052993135,-0.2994813187914076,-0.02023491349209411,1.4485949078132216,1.372482233932738,-0.21471972448139676,2.39366177274916,2.6260459628611486,0.23238419011198852,2.882346072582745,3.10492640909157,1.3326491237410956,24,0,0,23,1,0,24,0,0,24,0,0,24,0,0,0,24,0,24,0,0
gaze,ar27_quadratic,gaze_+0,capture_1_detections.pkl,2,8,8,24,8,8,24,24,0,2,0.043313297976004195,2.621339870770634,2.6295885640281846,3.605919466723706,3.566144473272858,-0.039774993450847784,0.12228702835398314,0.10789478294239825,0.36596217364663575,0.3275420464219775,0.15371571026577158,0.5925964613499545,-0.01589566706165224,3.4727102509711774,3.470420841935261,4.877464787836389,4.779811626418835,-0.0976531614175542,-0.2482161563677844,-0.33879589711889935,-0.09057974075111494,0.9409457851744493,0.8730092020433398,-0.12323390378521193,-0.9227632870145541,-1.21870308123687,-0.29593979422231587,2.446639276120255,2.4804416843004917,0.16654720176121707,24,0,0,20,4,0,24,0,0,24,0,0,24,0,0,0,24,0,24,0,0
gaze,ar27_quadratic,gaze_+0,capture_2_detections.pkl,7,8,7,21,7,7,21,21,0,0,-1.1142983198125018,2.8689355126609555,2.6676755154993415,3.918678032606903,3.670010943283102,-0.248667089323801,-0.11740418264231973,0.3773229359078115,0.1580139719131529,-0.15082404746510272,0.4255945087794605,0.17408801922627415,-1.7658712602224245,3.9379055574562916,3.70691636258801,5.341528433478424,5.04987153580052,-0.29165689767790415,-0.01712214519968603,0.08481278907793564,0.10193493427762168,1.6116827157159967,1.5336448764600832,-0.24545456904542684,-1.798046637440423,-1.547830101776675,0.250216535663748,2.373451031656118,2.1827565253372656,-0.8688437507670761,21,0,0,0,21,0,21,0,0,21,0,0,21,0,0,0,21,0,21,0,0
gaze,ar27_quadratic,gaze_+0,capture_3_detections.pkl,12,8,7,21,7,7,21,21,0,0,0.1010647573429306,2.2456424641304147,2.2680332524124625,3.116323546472563,3.11927231906938,0.0029487725968166956,-0.030289399267557558,0.2117808663119691,0.12067201858049194,-0.046604726485723745,0.26422634977209897,0.15235103356447513,0.17154571728466878,3.0502507877798166,3.0782422883256055,4.180440691448268,4.189591758169624,0.009151066721355683,0.04379593177469858,0.03766635558153147,-0.006129576193167112,1.4754208798280075,1.4618570743360098,-0.03984066684621368,-0.228052858890164,-0.1763786303901124,0.0516742285000516,1.6929392499653588,1.7340555724262168,0.14090542418914254,21,0,0,19,2,0,21,0,0,21,0,0,21,0,0,0,21,0,21,0,0
gaze,ar27_quadratic,gaze_+0,capture_4_detections.pkl,17,8,8,24,8,8,24,24,0,1,1.9200584407205492,5.091740829872613,5.2769198515149345,9.867746529196154,10.232452178931911,0.3647056497357575,0.21931302222559199,0.23159585629985308,0.5224458468404684,0.5576882673105821,0.3448659182348185,0.8225696133887554,0.7915063987167699,7.046218006929044,7.1021612625937935,13.666315861375244,13.778175798214559,0.1118599368393145,0.05255247122116202,-0.00872320223490893,-0.061275673456070955,0.43737876957967137,0.5126714766690744,0.07153185491102204,-2.2301336065117994,-2.585769247600936,-0.3556356410891368,5.072920706113277,5.251956880660993,1.8485265858095197,24,0,0,23,1,0,24,0,0,24,0,0,24,0,0,0,24,0,24,0,0
gaze,ar27_quadratic,gaze_+5,capture_1_detections.pkl,3,8,8,24,8,8,24,24,0,17,-7.032277939266725,4.4365840518165784,3.556824441769158,6.337439405802321,5.510372530708176,-0.827066875094145,0.12794869894909403,0.2583917610574164,0.44126522764823306,0.26807766083227447,0.20571795921675542,0.557133322981655,-10.977687870952163,5.685798065568836,4.62067222073522,8.515724460143154,7.677306212890338,-0.8384182472528163,-0.15012494998220424,0.007925069877397087,0.15805001985960132,3.323595171201821,2.089361105049148,-6.680855034743865,1.5607885450694734,0.9173824180450746,-0.6434061270243988,2.9388761775204384,2.878466654709463,-0.35142290452285607,24,0,0,6,18,0,24,0,0,24,0,0,24,0,0,24,0,0,24,0,0
gaze,ar27_quadratic,gaze_+5,capture_2_detections.pkl,8,8,8,24,8,8,24,24,0,0,0.4020809556545364,4.456489757674786,4.50137555819494,5.158606479874204,5.307156601344786,0.14855012147058222,-0.14354292923144527,0.6028242572806571,0.468886079911241,-0.157779954980928,0.45879000063672143,0.22958290376967283,-0.4436497819036056,5.768616805139594,5.730034036778083,6.497308867461525,6.507752984356184,0.010444116894658961,-0.13420817303157642,-0.17215531700754147,-0.03794714397596505,4.15184551263413,4.16142884677983,0.07966888603114697,0.3145055090155206,0.4619391126690336,0.147433603653513,1.619407237071675,1.7160687250525566,0.322412069623391,24,0,0,1,23,0,24,0,0,24,0,0,24,0,0,24,0,0,24,0,0
gaze,ar27_quadratic,gaze_+5,capture_3_detections.pkl,13,8,8,24,8,8,24,24,0,0,0.17801089792863728,3.2973001138704494,3.324183950815405,5.800356011512135,5.9348963897856315,0.1345403782734964,-0.007589157327647511,0.3207165107528213,0.3086582623903288,-0.017867595711062913,0.2644974852126442,0.22823523823623298,0.25385979943648107,4.124124344257158,4.15478776910819,7.178694430726813,7.4366443254817955,0.257949894754983,0.14145022753144096,0.09286834394631664,-0.048581883585124316,2.113580954620168,2.0121759792955736,-0.4183722800790015,-0.7742893931796431,-1.0360444337364119,-0.2617550405567688,2.5308029534511327,2.64600581390227,0.5963831780076383,24,0,0,24,0,0,24,0,0,24,0,0,24,0,0,12,12,0,24,0,0
gaze,ar27_quadratic,gaze_+5,capture_4_detections.pkl,18,8,8,24,8,8,24,24,0,0,0.0882792529361387,2.433742269395938,2.4518117151976884,3.917470218393328,4.270354173786992,0.352883955393664,0.01570653850369063,0.18881795074127475,0.2266247052415625,0.019437400905252398,0.14844773817707527,0.2036519871622712,0.08685029833161306,2.9811986960677093,2.9957296212721576,4.826436059448656,5.200565933347191,0.3741298738985348,0.03994042483813587,0.0030162097787875077,-0.03692421505934836,1.4234885895572753,1.3394871624988054,-0.2320939061006595,-0.20664728459742557,-0.629533741508574,-0.42288645691114846,1.9740267650781054,2.0535712376933817,0.3203731590367984,24,0,0,24,0,0,24,0,0,24,0,0,24,0,0,0,24,0,24,0,0
gaze,ar27_quadratic,gaze_+10,capture_1_detections.pkl,4,8,8,24,8,8,24,24,0,0,1.2214683563306525,3.2519660544793703,3.4346399484977717,3.709356103504557,4.115147771058619,0.40579166755406204,0.04933414781046348,0.12021663714965915,0.2525592755335592,0.07193100331644185,0.10949095677844924,0.28968823402530886,1.0127543128856744,3.936780357938669,4.063372232461282,4.407864683060425,4.541981146980782,0.13411646392035692,0.12215638352524631,0.2895398097738469,0.1673834262486006,2.6114589542055775,2.513183556024851,-0.5036262832267724,1.2908208359688562,1.8064515904913254,0.5156307545224692,1.9379281075379535,2.3410809446798417,1.7250946395574251,0,24,0,24,0,0,0,24,0,24,0,0,24,0,0,0,24,0,24,0,0
gaze,ar27_quadratic,gaze_+10,capture_2_detections.pkl,9,8,5,15,5,5,15,15,0,0,0.716773443438305,3.9194100871354443,4.0098065881757154,4.3847085481834585,4.369318895371303,-0.015389652812155319,0.016412580049724134,0.398442935045498,0.4185323793177716,-0.07131487979045137,0.3132286443234534,0.163698820503561,0.865752067802487,4.572669349483139,4.666375150746566,5.01088882103765,5.170251499647852,0.15936267861020248,0.23454298240699245,0.1452290290068125,-0.08931395340017995,3.2244273396852634,3.3998560695544153,1.1620896247762111,1.4947767142044464,1.237047929107132,-0.25772878509731445,2.228192936491202,2.125918056015183,-0.4453161813379092,0,15,0,13,2,0,0,15,0,15,0,0,15,0,0,15,0,0,15,0,0
gaze,ar27_quadratic,gaze_+10,capture_3_detections.pkl,14,8,2,6,2,2,6,6,0,0,0.07938453512727195,3.2638888789103038,3.276027342529612,3.8978659183879074,3.82772203733168,-0.07014388105622738,0.016887264084466325,0.2599112030449094,0.2905875041234885,-0.023012615603826503,0.21571603953816978,0.15336490508003037,-0.060327075001284314,3.7739434778141345,3.7659424184039985,4.350485298454202,4.1650595740772856,-0.18542572437691618,0.15326515961332157,0.11134225100784079,-0.041922908605480785,2.109607787382179,2.2500045604214205,0.6120755053336575,1.455060370901587,1.2735015134200676,-0.18155885748151945,2.4904870201008533,2.381141454656661,-0.5326909702063887,0,6,0,6,0,0,0,6,0,6,0,0,6,0,0,0,6,0,6,0,0
gaze,ar27_quadratic,gaze_+10,capture_4_detections.pkl,19,8,7,21,7,7,21,21,0,0,-0.7707477125909408,3.4841504430512154,3.371729021914875,4.653019675130554,4.419311509056686,-0.23370816607386757,0.07918655058756584,0.35340964061597185,0.4517575950306494,0.035865901737422996,0.26153086464423025,0.32289982176982024,-1.0496596648043028,4.194312138450984,4.067258861930595,5.786050273163783,5.457381760063808,-0.32866851309997447,0.04956953065755529,0.03583359906600067,-0.013735931591554618,2.539503195248539,2.5105072752459643,-0.1464296996146235,-1.3360771953943797,-1.2565304597677271,0.0795467356266526,2.3854198437877643,2.250757609819441,-0.6243180129763184,0,21,0,21,0,0,0,21,0,21,0,0,21,0,0,0,21,0,21,0,0
capture,ar27_sqrt,capture_1,capture_1_detections.pkl,0,8,7,21,7,7,21,21,5,9,-20.918747495185944,8.066083981746907,6.64401710604421,9.17242050051211,7.549639904878371,-1.6227805956337393,-0.03847778700558978,0.2019646770326194,0.04808267633254702,-0.02827231040059036,0.20272890882306122,0.11325502228156908,-37.35560130001071,10.00209387713093,7.917466806177929,11.039719511863368,9.934439671609026,-1.105279840254342,-0.041283525961159195,-0.06441530760095777,-0.02313178163979858,1.1668680794514854,0.6642742085076133,-0.9203208907543822,-5.68925693408955,-4.518251750739981,1.1710051833495694,7.981236100113267,6.610726365636356,-19.998426604431565,21,0,0,0,21,0,21,0,0,0,21,0,21,0,0,0,21,0,21,0,0
capture,ar27_sqrt,capture_1,capture_1_detections.pkl,1,8,8,24,8,8,24,24,0,7,-3.444325416251478,4.72356633478949,4.343702741084517,5.799929508157035,5.207412644087531,-0.5925168640695047,0.0018330743938692515,0.03520439404875291,0.05542944843861538,0.00278924993906723,0.17285561003725192,0.18074377405713796,-10.199994349835137,6.190248035187739,5.302751775004232,7.637002961596049,6.391749956513491,-1.2452530050825574,-0.48539085365177925,-0.5009613631082459,-0.015570509456466652,1.06575698969952,1.0680591291246528,0.004912342213128529,-4.26699208835564,-3.9947814543845985,0.2722106339710417,4.6017649829237515,4.210344783933809,-3.449237758464605,24,0,0,0,24,0,24,0,0,0,24,0,24,0,0,0,24,0,24,0,0
capture,ar27_sqrt,capture_1,capture_1_detections.pkl,2,8,8,24,8,8,24,24,0,5,-1.4035294183155904,3.5123038564688915,3.3064707713588906,5.082847261062556,4.595759103976877,-0.48708815708567865,0.0019032978507596307,0.09508208061687339,0.10461309624130834,0.004343358421088308,0.14086764653730707,0.15552187068720588,-4.506096600741789,4.621841662083815,4.105523565713865,6.765912438756201,5.583021222618818,-1.1828912161373832,-0.36931017005325845,-0.3740972690866897,-0.004787099033431275,0.7732955880705477,0.7788353320955911,0.008598407991075585,-2.3158673243494405,-2.241099102376154,0.07476822197328659,3.4261191330187097,3.2134349981492085,-1.412127826306671,24,0,0,0,24,0,24,0,0,0,24,0,24,0,0,0,24,0,24,0,0
capture,ar27_sqrt,capture_1,capture_1_detections.pkl,3,8,8,24,8,8,24,24,0,4,-1.2044150434917125,4.94711696959209,4.823852326443494,7.009346918339878,7.027949746328582,0.01860282798870383,0.04396951778479072,0.34559566705726985,0.40423493524626253,0.06880714860643597,0.2788746695537303,0.3828553642371206,-3.5470024653016488,6.188957265868688,5.895438030668051,9.345507791688291,9.190925754014918,-0.1545820376733733,-0.1466551617453291,-0.03688616557966403,0.10976899616566507,3.336854550103104,3.150983740794603,-1.2058997537918401,2.5534376301070907,2.465443089266202,-0.08799454084088865,3.652309957038454,3.652513207721823,0.0014847103001276452,24,0,0,0,24,0,24,0,0,6,18,0,24,0,0,18,6,0,24,0,0
capture,ar27_sqrt,capture_1,capture_1_detections.pkl,4,8,8,24,8,8,24,24,0,0,1.3464941497534446,4.172608898484788,4.330953609710901,5.323828354372005,5.4803782397039305,0.15654988533192515,0.06962379730504557,0.46564221028112285,0.535206936895006,0.07457494932390926,0.2726362562489863,0.3858827251191379,2.141836451824946,5.708101766456501,5.892729607579901,7.555724482405306,7.742969622793915,0.18724514038860907,-0.05355861574115769,-0.010028353256899436,0.04353026248425825,1.4322513942574522,1.530021032388346,0.2896203031982849,3.5094674799382113,3.6327587104802674,0.12329123054205615,3.9190969576373105,4.051690364516665,1.0568738465551597,2,22,0,0,24,0,24,0,0,24,0,0,24,0,0,0,24,0,24,0,0
capture,ar27_sqrt,capture_2,capture_2_detections.pkl,5,8,7,21,7,7,21,21,3,1,-0.008027254645723911,5.518834341083636,5.518107033184327,7.938209392816712,7.9621326225321285,0.023923229715416383,-0.01249086879341687,0.18562124054667611,0.14820383311058502,-0.05598402727451474,0.3075302452262386,0.19644547450729355,-0.13066707522672058,7.191712948408427,7.182622644764147,10.188598084236325,10.188127116462734,-0.0004709677735910134,0.1527271106051774,0.15607016095640347,0.0033430503512260623,3.5778700542766213,3.623533106316056,0.3288380472790937,-3.028586929112104,-3.0441375354427116,-0.015550606330607675,4.201949352269095,4.1616719064709855,-0.33686530192481356,19,2,0,0,21,0,21,0,0,18,3,0,21,0,0,0,21,0,21,0,0
capture,ar27_sqrt,capture_2,capture_2_detections.pkl,6,8,7,21,7,7,21,21,0,0,-0.872702604925687,4.331711869419997,4.22977837655218,5.0259749920685,4.949755295810359,-0.07621969625814096,-0.08523990576561162,0.3494688703423,0.19206401425751696,-0.23114738320674677,0.6159357985466453,0.3850058762208011,-1.0848051467579853,5.396865923749236,5.29540901651305,5.929521977324947,5.831799839912606,-0.09772213741234026,-0.2721533238676665,-0.1829077235345808,0.0892456003330857,2.1680780993201907,2.169323650808617,0.005402457205776479,-3.4442934146899127,-3.336773929485998,0.10751948520391474,3.75008867560785,3.6311237947487793,-0.8781050621314606,21,0,0,0,21,0,21,0,0,21,0,0,21,0,0,0,21,0,21,0,0
capture,ar27_sqrt,capture_2,capture_2_detections.pkl,7,8,7,21,7,7,21,21,0,0,-0.7280672554571492,3.375077523301197,3.2654373417408875,4.485566739836519,4.361367274761226,-0.12419946507529289,-0.06218415130127729,0.37040144224101673,0.27388515314443024,-0.11966059539134424,0.4973398464233666,0.35733223678962067,-0.9285284212204242,4.466531259943611,4.361349914284916,5.958555562913133,5.840837423511984,-0.11771813940114839,-0.05666992797874367,-0.008187947662842513,0.04848198031590116,1.9109270675056933,1.8568800379019776,-0.20363878216705888,-2.255345952982474,-2.1606673325494294,0.09467862043304454,2.7819967704810575,2.6860896406629737,-0.524428473290091,21,0,0,0,21,0,21,0,0,21,0,0,21,0,0,0,21,0,21,0,0
capture,ar27_sqrt,capture_2,capture_2_detections.pkl,8,8,8,24,8,8,24,24,0,0,0.29783681596691336,3.7338453858029585,3.7735180112262556,4.493874793714973,4.588989969441998,0.09511517572702566,-0.0341466780158016,0.4832296583868996,0.44650221133709744,-0.06697425211863631,0.4376534416037538,0.3529394889056395,0.29418155947060143,4.74846142673105,4.779337556672816,5.411778119016893,5.470735558434527,0.058957439417634205,-0.13247668072961952,-0.12403396692891515,0.008442713800704368,3.4097597317029202,3.4227945400628226,0.08906103554109812,0.3143191749373055,0.41859051766068706,0.10427134272338157,1.5215583909726467,1.5886836430092328,0.2087757804258179,24,0,0,0,24,0,24,0,0,24,0,0,24,0,0,24,0,0,24,0,0
capture,ar27_sqrt,capture_2,capture_2_detections.pkl,9,8,5,15,5,5,15,15,0,0,0.04308827046120243,2.70396538188315,2.71192128515628,3.088516087598562,3.0876374432858134,-0.0008786443127486443,0.00011909371059312112,0.3288076546753858,0.3289887041886406,-0.0171381827906232,0.27994133794708764,0.24744488255161456,0.026868213617057178,3.508834345910124,3.5126609117100362,4.028345533945542,4.01586755780452,-0.012477976141021863,0.007361135695562856,0.003952140786630783,-0.003408994908932073,1.9720507864587953,1.9767904845629012,0.018716315485677093,0.8145638049809046,0.8019536738125567,-0.012610131168347971,1.8499849950877265,1.8565603779638467,0.02437195497552569,15,0,0,7,8,0,15,0,0,15,0,0,15,0,0,15,0,0,15,0,0
capture,ar27_sqrt,capture_3,capture_3_detections.pkl,10,8,7,21,7,7,21,21,0,0,-0.2958356220820005,3.2754752661446864,3.2300004020191087,3.9951827005811964,3.951846803938474,-0.043335896642722194,-0.017977366780223176,0.17790432853593852,0.11692982225078412,-0.058907439112717105,0.4456728863419213,0.3737872155486621,-0.5787842078412713,4.355023738300996,4.28805871617028,5.273041126428911,5.202869385789409,-0.07017174063950193,0.13087355320026073,0.11697435713361821,-0.013899196066642514,1.025643677982386,1.0112897667874559,-0.02923796177620952,2.797042966462849,2.7558259818371873,-0.04121698462566181,3.11075445269156,3.0676042125141527,-0.26659766030579135,21,0,0,0,21,0,21,0,0,21,0,0,21,0,0,0,21,0,21,0,0
capture,ar27_sqrt,capture_3,capture_3_detections.pkl,11,8,7,21,7,7,21,21,0,0,0.37523658365894785,2.8418326461963823,2.9071032614350805,4.363323481938075,4.471919910446811,0.10859642850873641,-0.01808696503894914,0.2107065302696515,0.1622044292222824,-0.04287386663038164,0.34488976808463756,0.275817123288409,0.4474754068530988,3.6285396772811156,3.6896850267274095,5.509419521941079,5.6171612492848615,0.1077417273437824,0.013914052502890345,0.0237705828784664,0.009856530375576053,2.0015347817437332,2.0039149327384074,0.00953357512204267,1.2678618806344708,1.386908388667028,0.11904650803255712,2.0173922044207466,2.106080320166946,0.3657030085369062,21,0,0,0,21,0,21,0,0,21,0,0,21,0,0,21,0,0,21,0,0
capture,ar27_sqrt,capture_3,capture_3_detections.pkl,12,8,7,21,7,7,21,21,0,0,0.024869671304785092,2.3563332766417155,2.361604577805918,3.271304098194826,3.300284681155248,0.028980582960422385,-0.010134202643203612,0.23001982945109178,0.2068209836972683,-0.02185197417648201,0.29547232042554256,0.2558357245600631,0.051085191848845114,3.0552975512248977,3.0636462456311273,4.3650344415334414,4.410812837180157,0.04577839564671571,0.08566414580160481,0.0770235424027825,-0.008640603398822305,1.5672631874318783,1.559206524017416,-0.025188914140657825,0.387504520466729,0.41661076007838593,0.029106239611656926,1.7595432964067557,1.7737111369598477,0.05005858544544406,21,0,0,21,0,0,21,0,0,21,0,0,21,0,0,12,9,0,21,0,0
capture,ar27_sqrt,capture_3,capture_3_detections.pkl,13,8,8,24,8,8,24,24,0,0,0.03716498983155278,2.874870858170019,2.8813273748372943,5.43196025680845,5.464515959128036,0.03255570231958593,-0.005493287785656338,0.3406089127544643,0.3324472043229149,-0.011404235963848704,0.32463497325970836,0.30656749648239434,0.06563687736941462,3.682190190871166,3.6910921797101257,6.899161408326296,6.951468811388093,0.05230740306179715,0.20238209390725123,0.1888390552144017,-0.013543038692849535,1.4069888922569835,1.3889040586888686,-0.05056325869212164,-0.5492260670844331,-0.609983211674745,-0.060757144590311896,2.5070430208156953,2.524478749513325,0.08772824852367389,24,0,0,24,0,0,24,0,0,24,0,0,24,0,0,6,18,0,24,0,0
capture,ar27_sqrt,capture_3,capture_3_detections.pkl,14,8,2,6,2,2,6,6,0,0,-0.18296832003022656,2.33848871123284,2.2990348262984623,2.8501752440414094,2.7427139168650174,-0.10746132717639201,-0.001956967157103723,0.28708965914541174,0.2836608983119192,-0.0034596869123005233,0.22243790368118715,0.2145202416598037,-0.25856160616266544,2.826822219155909,2.7807125440345093,3.4751428129313933,3.3315792172904133,-0.14356359564097998,0.03556861995643127,0.02259183333535475,-0.01297678662107652,0.857577894342745,0.8768366838524667,0.03340272528405441,0.8609824121277067,0.7378374692533877,-0.12314494287431899,2.1755665027063853,2.1252572932197666,-0.21637104531428442,6,0,0,6,0,0,6,0,0,6,0,0,6,0,0,0,6,0,6,0,0
capture,ar27_sqrt,capture_4,capture_4_detections.pkl,15,8,8,24,8,8,24,24,0,0,-0.5125597353451411,2.93219363466734,2.843448570985332,3.859283603730997,3.77054098695915,-0.08874261677184725,-0.0005134632615928697,0.04600957772058815,0.04004270196220495,-0.009979834962139434,0.24051280285128532,0.21878430787705458,-1.0028602012684156,4.243842191550732,4.1239951922277625,5.613822286357837,5.492071360385129,-0.12175092597270787,-0.006863457140082592,-0.02485672754103992,-0.01799327040095733,1.0637772451534477,1.0298804735747964,-0.07096823745561176,2.3594168930813666,2.290125534842422,-0.0692913582389445,2.7324233720046767,2.650386006978583,-0.44159149788952945,22,2,0,24,0,0,24,0,0,24,0,0,24,0,0,0,24,0,24,0,0
capture,ar27_sqrt,capture_4,capture_4_detections.pkl,16,8,8,24,8,8,24,24,0,0,-0.04551538417875278,3.4413502802309965,3.4347309016962604,4.196476636526656,4.188782780346421,-0.0076938561802348815,-1.4368493201465137e-05,0.12341082123033954,0.12335259342042776,-0.0024711174600188933,0.2623730871273902,0.25762088306024067,-0.2161795874442657,4.638121284315216,4.614757790022523,5.705759133948408,5.681848161707878,-0.023910972240530626,-0.2356930226531612,-0.24782214020499774,-0.012129117551836543,1.241885994642831,1.2168693715275234,-0.0615097563282232,2.7608520384581134,2.7603806797846695,-0.00047135867344394455,3.2094564847581193,3.2119472753620064,0.01599437214947308,24,0,0,24,0,0,24,0,0,24,0,0,24,0,0,0,24,0,24,0,0
capture,ar27_sqrt,capture_4,capture_4_detections.pkl,17,8,8,24,8,8,24,24,0,0,-0.028488803091788924,4.715430049493614,4.712408274818254,9.034991922667867,9.040468188051275,0.005476265383407508,0.018584093690340208,0.14376822959647262,0.1981247019723797,0.050290920448924456,0.2491765798657588,0.33523109700999,-0.024029629252556334,6.630516943630459,6.628704648007638,12.717772391077126,12.730785335203112,0.013012944125986081,0.15288608752221458,0.14020845572093302,-0.012677631801281564,0.5549844644063162,0.5661435167337318,0.012510725807271528,-1.5863703875265476,-1.6204343968093937,-0.03406400928284614,4.682656595986405,4.678276741176811,-0.04099952889906433,24,0,0,24,0,0,24,0,0,24,0,0,24,0,0,0,24,0,24,0,0
capture,ar27_sqrt,capture_4,capture_4_detections.pkl,18,8,8,24,8,8,24,24,0,0,0.02983778419303911,2.0866815104365624,2.093818881897585,3.886183370177536,3.9425522299775038,0.05636885979996764,0.005747066645338614,0.14438524131227284,0.16307717361464746,0.007891278658826951,0.1224154812027222,0.1512508799872615,0.07021751525200795,2.7113321486020516,2.7242502703120035,5.082463261741074,5.169348978574095,0.08688571683302104,0.0888649257982479,0.0819895937291714,-0.006875332069076492,0.6933563730248073,0.6861739458556603,-0.009908376042989164,-0.4423539208436485,-0.5079364131590509,-0.06558249231540242,1.9681200842386875,1.9781918072370344,0.03974616023602673,24,0,0,24,0,0,24,0,0,24,0,0,24,0,0,0,24,0,24,0,0
capture,ar27_sqrt,capture_4,capture_4_detections.pkl,19,8,7,21,7,7,21,21,0,0,0.16703794689357096,3.7060925753280674,3.728560060371215,5.301165633740242,5.312655945198832,0.011490311458590696,0.03993522240429389,0.4067375343057477,0.45317838013017914,0.03834585214420735,0.20698338979852596,0.28493503785371127,0.422064023635545,5.01783642611235,5.059718018116771,7.287994017080087,7.317957808150074,0.02996379106998681,0.10641773376671283,0.0975817424476277,-0.008835991319085135,1.2208432658686765,1.1937631436215215,-0.0653878367477585,-2.915983449414379,-2.9591739540483077,-0.04319050463392893,3.4992376165509156,3.5322924115546064,0.2324257836413235,8,13,0,21,0,0,21,0,0,21,0,0,21,0,0,0,21,0,21,0,0
capture,ar27_linear,capture_1,capture_1_detections.pkl,0,8,7,21,7,7,21,21,5,20,-20.637287310676108,8.066083981746907,6.665164925935285,9.17242050051211,7.613834838907543,-1.5585856616045675,-0.037281047251999634,0.2019646770326194,0.05923414148015161,-0.028204777558455445,0.20272890882306122,0.11355277589796571,-30.40533134057606,10.00209387713093,8.344851741425009,11.039719511863368,10.159270990063535,-0.880448521799833,-0.041283525961159195,-0.2071661982930339,-0.1658826723318747,1.1668680794514854,1.4074437493161192,0.6193167926462166,-5.68925693408955,-4.368794023973965,1.3204629101155847,7.981236100113267,6.514869575243154,-21.256604103322324,0,21,0,0,21,0,21,0,0,0,21,0,21,0,0,0,21,0,21,0,0
capture,ar27_linear,capture_1,capture_1_detections.pkl,1,8,8,24,8,8,24,24,0,12,-8.102302834996344,4.72356633478949,3.769585664786022,5.799929508157035,4.603649370260796,-1.196280137896239,0.0038677793340304964,0.03520439404875291,0.07146417770023221,-0.017085183356119978,0.17285561003725192,0.11311002857939045,-16.7481793498144,6.190248035187739,4.644458137106123,7.637002961596049,5.6302797434557466,-2.0067232181403023,-0.48539085365177925,-0.4740671892027943,0.011323664448984971,1.06575698969952,1.0850663641683442,0.04153105355612685,-4.26699208835564,-3.4731357845359603,0.79385630381968,4.6017649829237515,3.610042530152625,-8.14383388855247,24,0,0,0,24,0,24,0,0,0,24,0,24,0,0,0,24,0,24,0,0
capture,ar27_linear,capture_1,capture_1_detections.pkl,2,8,8,24,8,8,24,24,0,18,-4.14265974129523,3.5123038564688915,2.862449761807361,5.082847261062556,4.087670247475284,-0.9951770135872717,-0.005309749816393167,0.09508208061687339,0.061080702664920626,-0.0149369410827438,0.14086764653730707,0.07004821738071482,-8.713733725698333,4.621841662083815,3.556358618541632,6.765912438756201,4.879735732056565,-1.8861767066996364,-0.36931017005325845,-0.1912894347869809,0.17802073526627754,0.7732955880705477,0.8052719282138329,0.05047681183985031,-2.3158673243494405,-1.9501099053894582,0.36575741895998237,3.4261191330187097,2.7468446917330063,-4.193136553135083,24,0,0,0,24,0,24,0,0,0,24,0,24,0,0,0,24,0,24,0,0
capture,ar27_linear,capture_1,capture_1_detections.pkl,3,8,8,24,8,8,24,24,0,17,-7.843406961665078,4.94711696959209,4.078058281726849,7.009346918339878,6.50420164607141,-0.505145272268468,0.040735941494155214,0.34559566705726985,0.400215325272427,0.11394510244189955,0.2788746695537303,0.4378540667398235,-7.113126001115872,6.188957265868688,5.584806714438106,9.345507791688291,9.225598614054299,-0.11990917763399267,-0.1466551617453291,0.044364914957318057,0.19102007670264717,3.336854550103104,1.8727507695149286,-7.627402843825033,2.5534376301070907,1.9752229022759238,-0.5782147278311669,3.652309957038454,3.6226183768708218,-0.21600411784004692,24,0,0,0,24,0,24,0,0,3,21,0,24,0,0,18,6,0,24,0,0
capture,ar27_linear,capture_1,capture_1_detections.pkl,4,8,8,24,8,8,24,24,0,0,3.11753187202825,4.172608898484788,4.530805324855912,5.323828354372005,5.669711171348911,0.34588281697690526,0.18949803157709616,0.46564221028112285,0.6374328980940547,0.2373105754528533,0.2726362562489863,0.5582482455631331,4.748553302436579,5.708101766456501,6.109908270887575,7.555724482405306,7.955617079433007,0.3998925970277014,-0.05355861574115769,0.07780623699274732,0.131364852733905,1.4322513942574522,1.7215548360988686,0.9124069973429871,3.5094674799382113,3.7452023487553134,0.23573486881710215,3.9190969576373105,4.190995805062001,2.2051248746852643,3,21,0,1,23,0,24,0,0,24,0,0,24,0,0,0,24,0,24,0,0
capture,ar27_linear,capture_2,capture_2_detections.pkl,5,8,7,21,7,7,21,21,3,0,0.5105857993861971,5.518834341083636,5.564900563685775,7.938209392816712,7.9626556667836805,0.024446273966968413,-0.014945968267835131,0.18562124054667611,0.13967561231028083,-0.0596732285546671,0.3075302452262386,0.18681976119844323,-0.2437020539619214,7.191712948408427,7.174749687504333,10.188598084236325,10.153050257348523,-0.035547826887802,0.1527271106051774,0.09272131410787801,-0.060005796497299396,3.5778700542766213,3.688335276768401,0.802662988564844,-3.028586929112104,-3.0587338296476734,-0.030146900535569454,4.201949352269095,4.167049456132723,-0.29207718917864156,18,3,0,0,21,0,21,0,0,18,3,0,21,0,0,0,21,0,21,0,0
capture,ar27_linear,capture_2,capture_2_detections.pkl,6,8,7,21,7,7,21,21,0,0,-1.1778993175484955,4.331711869419997,4.193546041493475,5.0259749920685,4.928960465643292,-0.09701452642520803,-0.11039856413093263,0.3494688703423,0.10830478847858326,-0.3212596822795322,0.6159357985466453,0.24107514523849483,-1.4995755599587401,5.396865923749236,5.256099907627989,5.929521977324947,5.78982298598897,-0.13969899133597696,-0.2721533238676665,-0.12634415987454736,0.14580916399311913,2.1680780993201907,2.2138099905125492,0.20039202934132216,-3.4442934146899127,-3.264306166346476,0.1799872483434366,3.75008867560785,3.5615830368015318,-1.3782913468898172,21,0,0,0,21,0,21,0,0,21,0,0,21,0,0,0,21,0,21,0,0
capture,ar27_linear,capture_2,capture_2_detections.pkl,7,8,7,21,7,7,21,21,0,0,-1.1908651192935775,3.375077523301197,3.193788216053057,4.485566739836519,4.279639068857438,-0.20592767097908027,-0.1020495113275062,0.37040144224101673,0.18747724418371176,-0.18660054532700285,0.4973398464233666,0.24646780218400724,-1.4861075621505997,4.466531259943611,4.296951702533188,5.958555562913133,5.770447159260946,-0.18810840365218695,-0.05666992797874367,0.029629919178920057,0.08629984715766373,1.9109270675056933,1.8157300436665913,-0.3547666658524271,-2.255345952982474,-2.1070488903820994,0.14829706260037456,2.7819967704810575,2.6274336485486907,-0.8360984534411493,21,0,0,0,21,0,21,0,0,21,0,0,21,0,0,0,21,0,21,0,0
capture,ar27_linear,capture_2,capture_2_detections.pkl,8,8,8,24,8,8,24,24,0,0,0.5386515072623326,3.7338453858029585,3.8052927446314,4.493874793714973,4.643974598868446,0.15009980515347365,-0.08614039420121275,0.4832296583868996,0.38388866685994644,-0.12130306567461531,0.4376534416037538,0.2650235258859014,0.662327797075493,4.74846142673105,4.817697968763523,5.411778119016893,5.520261503613921,0.10848338459702767,-0.13247668072961952,-0.11707705522941107,0.015399625500208444,3.4097597317029202,3.441165118921766,0.21515594774108138,0.3143191749373055,0.4726630959651743,0.15834392102786882,1.5215583909726467,1.6243877297802158,0.32349555952125364,24,0,0,0,24,0,24,0,0,24,0,0,24,0,0,24,0,0,24,0,0
capture,ar27_linear,capture_2,capture_2_detections.pkl,9,8,5,15,5,5,15,15,0,0,0.027291111830526127,2.70396538188315,2.709007179439179,3.088516087598562,3.092290042193143,0.003773954594580964,-0.02089788799483989,0.3288076546753858,0.29532454313566264,-0.03909553296197325,0.27994133794708764,0.19817068332534019,-0.010711533613506675,3.508834345910124,3.507307647387811,4.028345533945542,4.015122661410704,-0.013222872534838004,0.007361135695562856,0.00296670756521659,-0.004394428130346266,1.9720507864587953,1.9635534490192095,-0.03344215721751986,0.8145638049809046,0.8168948052315613,0.0023310002506566896,1.8499849950877265,1.866327342964728,0.06073326904804599,15,0,0,7,8,0,15,0,0,15,0,0,15,0,0,15,0,0,15,0,0
capture,ar27_linear,capture_3,capture_3_detections.pkl,10,8,7,21,7,7,21,21,0,0,-0.6383884280135336,3.2754752661446864,3.176531093994213,3.9951827005811964,3.8975352242054533,-0.09764747637574311,-0.025908500182531633,0.17790432853593852,0.07577235597031093,-0.08248199505003959,0.4456728863419213,0.3407966058667538,-1.3693223833516768,4.355023738300996,4.194867027429297,5.273041126428911,5.091615584635864,-0.18142554179304682,0.13087355320026073,0.11891455457469019,-0.011958998625570538,1.025643677982386,1.0428002731653283,0.03548745552844701,2.797042966462849,2.6925186727821195,-0.10452429368072957,3.11075445269156,3.000486190836143,-0.6738758835419798,21,0,0,0,21,0,21,0,0,21,0,0,21,0,0,0,21,0,21,0,0
capture,ar27_linear,capture_3,capture_3_detections.pkl,11,8,7,21,7,7,21,21,0,0,0.8385326763913036,2.8418326461963823,2.9857236083366523,4.363323481938075,4.593236234040985,0.2299127521029103,-0.026512062147077648,0.2107065302696515,0.13373548426351892,-0.05902560363707866,0.34488976808463756,0.24479246003992122,1.1475544557201605,3.6285396772811156,3.783365518334635,5.509419521941079,5.773302602963309,0.2638830810222297,0.013914052502890345,0.04006168974618569,0.026147637243295344,2.0015347817437332,2.013664643093683,0.048703812315675776,1.2678618806344708,1.5130686147212973,0.24520673408682647,2.0173922044207466,2.2044727647519777,0.7898288640756288,21,0,0,0,21,0,21,0,0,21,0,0,21,0,0,21,0,0,21,0,0
capture,ar27_linear,capture_3,capture_3_detections.pkl,12,8,7,21,7,7,21,21,0,0,0.04611081090237531,2.3563332766417155,2.3660974877446317,3.271304098194826,3.3274127710376407,0.056108672842814844,-0.017761042183603564,0.23001982945109178,0.18747821141963614,-0.03528615516930094,0.29547232042554256,0.2280739725798486,0.11148760860454925,3.0552975512248977,3.0734883658679117,4.3650344415334414,4.449840562352013,0.08480612081857153,0.08566414580160481,0.06996619616665525,-0.015697949634949554,1.5672631874318783,1.5502589518471763,-0.05301108089682538,0.387504520466729,0.43116198721921656,0.04365746675248755,1.7595432964067557,1.787488322683299,0.09912189179920139,21,0,0,20,1,0,21,0,0,21,0,0,21,0,0,12,9,0,21,0,0
capture,ar27_linear,capture_3,capture_3_detections.pkl,13,8,8,24,8,8,24,24,0,0,0.13622362009861338,2.874870858170019,2.8984661583765017,5.43196025680845,5.510656562430045,0.07869630562159458,-0.01331874036771399,0.3406089127544643,0.32046168426204136,-0.02476969600724627,0.32463497325970836,0.28393338982248156,0.2316598020695506,3.682190190871166,3.713513754359526,6.899161408326296,7.02521857626993,0.12605716794363442,0.20238209390725123,0.17053540426580582,-0.03184668964144541,1.4069888922569835,1.3809340408800226,-0.07263891767330599,-0.5492260670844331,-0.6764973885446087,-0.1272713214601756,2.5070430208156953,2.5483577547103953,0.2088625377719202,24,0,0,24,0,0,24,0,0,24,0,0,24,0,0,6,18,0,24,0,0
capture,ar27_linear,capture_3,capture_3_detections.pkl,14,8,2,6,2,2,6,6,0,0,-0.2611801712228452,2.33848871123284,2.281961717764035,2.8501752440414094,2.687047064690239,-0.1631281793511703,-0.004095914454266415,0.28708965914541174,0.2798652496005216,-0.010192355221971903,0.22243790368118715,0.19820763298145003,-0.3312659554343549,2.826822219155909,2.767608697644807,3.4751428129313933,3.2642303922668843,-0.210912420664509,0.03556861995643127,0.007938271095137376,-0.027630348861293896,0.857577894342745,0.8847349713742284,0.047316124707220464,0.8609824121277067,0.6684346685352599,-0.19254774359244675,2.1755665027063853,2.1034717283025284,-0.3084962959300679,6,0,0,6,0,0,6,0,0,6,0,0,6,0,0,0,6,0,6,0,0
capture,ar27_linear,capture_4,capture_4_detections.pkl,15,8,8,24,8,8,24,24,0,0,-0.7496366645458121,2.93219363466734,2.8014501328129784,3.859283603730997,3.7269350674329225,-0.13234853629807475,-0.0008293662168258808,0.04600957772058815,0.03588195960647858,-0.022246050445231775,0.24051280285128532,0.18868057104574773,-1.481783479533883,4.243842191550732,4.065515104787121,5.613822286357837,5.430104673861315,-0.18371761249652163,-0.006863457140082592,-0.03871867699456762,-0.03185521985448503,1.0637772451534477,1.0204526007983121,-0.09029851683021928,2.3594168930813666,2.254503923121741,-0.10491296995962562,2.7324233720046767,2.6089843495432885,-0.6593381477155917,24,0,0,24,0,0,24,0,0,24,0,0,24,0,0,0,24,0,24,0,0
capture,ar27_linear,capture_4,capture_4_detections.pkl,16,8,8,24,8,8,24,24,0,0,0.06156092798863569,3.4413502802309965,3.4502829853846184,4.196476636526656,4.205527863362892,0.009051226836236381,-0.0030604006687379127,0.12341082123033954,0.11031695303990639,-0.011907216839956531,0.2623730871273902,0.2386051550340029,-0.12298984263933743,4.638121284315216,4.624843695237547,5.705759133948408,5.694174310832816,-0.011584823115592613,-0.2356930226531612,-0.2603362698848741,-0.024643247231712934,1.241885994642831,1.1890801223547123,-0.1283692863109156,2.7608520384581134,2.7854473360008476,0.02459529754273415,3.2094564847581193,3.238910486854414,0.18993021429955093,24,0,0,24,0,0,24,0,0,24,0,0,24,0,0,0,24,0,24,0,0
capture,ar27_linear,capture_4,capture_4_detections.pkl,17,8,8,24,8,8,24,24,0,0,0.1391540794876961,4.715430049493614,4.730162220384734,9.034991922667867,9.089032819271395,0.054040896603527955,0.044966626754484984,0.14376822959647262,0.25619510259915007,0.11785801174240017,0.2491765798657588,0.42420157908239453,0.21773390320540018,6.630516943630459,6.646915739121116,12.717772391077126,12.786541007722953,0.06876861664582634,0.15288608752221458,0.1251132040936843,-0.027772883428530293,0.5549844644063162,0.5628144022576819,0.008752295656306086,-1.5863703875265476,-1.6775740148321034,-0.09120362730555587,4.682656595986405,4.696559866515742,0.13040178383138468,24,0,0,24,0,0,24,0,0,24,0,0,24,0,0,0,24,0,24,0,0
capture,ar27_linear,capture_4,capture_4_detections.pkl,18,8,8,24,8,8,24,24,0,0,0.11069219454661365,2.0866815104365624,2.1130385515991956,3.886183370177536,4.035011161333408,0.14882779115587175,0.009613415293332527,0.14438524131227284,0.1745294049784614,0.013260816916029861,0.1224154812027222,0.16806655513255422,0.23789394250648865,2.7113321486020516,2.7548531653337722,5.082463261741074,5.308062497110914,0.22559923536983995,0.0888649257982479,0.07078534746693776,-0.01807957833131013,0.6933563730248073,0.6716853989223524,-0.029581784888636165,-0.4423539208436485,-0.6074525386627414,-0.1650986178190929,1.9681200842386875,2.0034397034647555,0.140273979435249,24,0,0,24,0,0,24,0,0,24,0,0,24,0,0,0,24,0,24,0,0
capture,ar27_linear,capture_4,capture_4_detections.pkl,19,8,7,21,7,7,21,21,0,0,0.4886236271921468,3.7060925753280674,3.771438161244855,5.301165633740242,5.343575522789038,0.0424098890487965,0.08613722007215911,0.4067375343057477,0.5015701764312531,0.08717147346025016,0.20698338979852596,0.3605739828561383,1.1091342565112146,5.01783642611235,5.127164582469649,7.287994017080087,7.369884825923517,0.08189080884343003,0.10641773376671283,0.08113756290298452,-0.025280170863728316,1.2208432658686765,1.1788135197430238,-0.10085696548795964,-2.915983449414379,-3.0200431364197584,-0.1040596870053796,3.4992376165509156,3.582477423482951,0.5894805926801077,7,14,0,21,0,0,21,0,0,21,0,0,21,0,0,0,21,0,21,0,0
capture,ar27_quadratic,capture_1,capture_1_detections.pkl,0,8,7,21,7,7,21,21,5,20,-19.387233717967842,8.066083981746907,6.758289508642418,9.17242050051211,7.66396207350407,-1.5084584270080406,-0.022362532640257598,0.2019646770326194,0.13574681627438875,0.003923699379213025,0.20272890882306122,0.2121855552383387,-24.229220813673198,10.00209387713093,8.707046635528425,11.039719511863368,10.570302302402242,-0.46941720946112575,-0.041283525961159195,-0.21950349656256257,-0.17821997060140338,1.1668680794514854,1.9577240605193156,2.471102382293438,-5.68925693408955,-4.14572584545293,1.5435310886366196,7.981236100113267,6.46852329249033,-21.858336100261297,0,21,0,0,21,0,1,20,0,1,20,0,21,0,0,0,21,0,21,0,0
capture,ar27_quadratic,capture_1,capture_1_detections.pkl,1,8,8,24,8,8,24,24,0,23,-8.359969612917723,4.72356633478949,3.7352522413136833,5.799929508157035,4.536632170425599,-1.2632973377314363,0.0025323935086301163,0.03520439404875291,0.06141451676086026,-0.029813475601528708,0.17285561003725192,0.008098538128686864,-16.24134643546049,6.190248035187739,4.69870453441001,7.637002961596049,5.847436915982919,-1.78956604561313,-0.48539085365177925,-0.28369922223854854,0.2016916314132307,1.06575698969952,1.6360281070404814,1.5407500059330776,-4.26699208835564,-3.1662315113837303,1.10076057697191,4.6017649829237515,3.3579043076318356,-9.900719618850799,24,0,0,0,24,0,24,0,0,0,24,0,24,0,0,0,24,0,24,0,0
capture,ar27_quadratic,capture_1,capture_1_detections.pkl,2,8,8,24,8,8,24,24,0,24,1.9248229905097194,3.5123038564688915,3.776387343834841,5.082847261062556,4.860974553423313,-0.2218727076392426,-0.0019104979346709818,0.09508208061687339,0.08443994386404238,-0.01984369384095968,0.14086764653730707,1.0739058608766253e-15,1.4878106600176917,4.621841662083815,4.780086924878184,6.765912438756201,6.110775134021551,-0.6551373047346507,-0.36931017005325845,-0.2030147031842849,0.16629546686897353,0.7732955880705477,2.226729922668149,4.360340081976327,-2.3158673243494405,-1.9872520657513064,0.3286152585981341,3.4261191330187097,3.050045118054857,-2.4355170914666093,24,0,0,0,24,0,24,0,0,0,24,0,24,0,0,0,24,0,24,0,0
capture,ar27_quadratic,capture_1,capture_1_detections.pkl,3,8,8,24,8,8,24,24,0,23,-7.580201293008421,4.94711696959209,4.110202551920963,7.009346918339878,6.30375403492826,-0.7055928834116179,0.016677036253105196,0.34559566705726985,0.36893549753563226,0.13343745119568196,0.2788746695537303,0.45957429487992935,1.5765331340067552,6.188957265868688,6.315039601835889,9.345507791688291,9.490866745246873,0.1453589535585813,-0.1466551617453291,-0.04747167014670595,0.09918349159862316,3.336854550103104,0.7309967022180184,-10.600242109890171,2.5534376301070907,1.4321144757971662,-1.1213231543099245,3.652309957038454,4.044676605016028,3.020040816881748,24,0,0,0,24,0,24,0,0,1,23,0,24,0,0,18,6,0,24,0,0
capture,ar27_quadratic,capture_1,capture_1_detections.pkl,4,8,8,24,8,8,24,24,0,6,12.912484066761277,4.172608898484788,5.506645901678781,5.323828354372005,7.1308492961324585,1.8070209417604532,5.26584708131328,0.46564221028112285,2.3415101429011083,5.8979395038965325,0.2726362562489863,2.4438228315731063,13.92764385856705,5.708101766456501,6.819829149970759,7.555724482405306,8.358510870834568,0.8027863884292623,-0.05355861574115769,0.5062918159843832,0.5598504317255409,1.4322513942574522,2.8377473274673464,6.001465838195652,3.5094674799382113,2.9370226590403568,-0.5724448208978545,3.9190969576373105,4.71914602358601,6.911018228565627,5,19,0,7,17,0,21,3,0,20,4,0,24,0,0,0,24,0,24,0,0
capture,ar27_quadratic,capture_2,capture_2_detections.pkl,5,8,7,21,7,7,21,21,3,0,0.49402915102529577,5.518834341083636,5.563412768737311,7.938209392816712,7.949509042587467,0.011299649770754705,-0.016377792516816248,0.18562124054667611,0.1344524169558538,-0.0860858330171859,0.3075302452262386,0.09213587092834441,-0.47361147867488335,7.191712948408427,7.158709636074825,10.188598084236325,10.110751806884469,-0.07784627735185623,0.1527271106051774,0.10647164770048925,-0.046255462904688155,3.5778700542766213,3.7304886215563906,1.1153912302723068,-3.028586929112104,-2.995390505625989,0.033196423486114846,4.201949352269095,4.127349788882408,-0.6213620792470067,10,11,0,0,21,0,21,0,0,18,3,0,21,0,0,0,21,0,21,0,0
capture,ar27_quadratic,capture_2,capture_2_detections.pkl,6,8,7,21,7,7,21,21,0,0,-1.155164705281896,4.331711869419997,4.19625583281003,5.0259749920685,4.943135409548888,-0.08283958251961199,-0.1153993164793776,0.3494688703423,0.08203154794922322,-0.3648598927343811,0.6159357985466453,0.12048657683290916,-1.4841215692494063,5.396865923749236,5.25756980264421,5.929521977324947,5.784337189386358,-0.14518478793858858,-0.2721533238676665,-0.08273139297212072,0.18942193089554576,2.1680780993201907,2.2890792984794186,0.5393213899751759,-3.4442934146899127,-3.206676924832347,0.23761648985756567,3.75008867560785,3.516913274402024,-1.694486095257071,21,0,0,0,21,0,21,0,0,21,0,0,21,0,0,0,21,0,21,0,0
capture,ar27_quadratic,capture_2,capture_2_detections.pkl,7,8,7,21,7,7,21,21,0,0,-1.5196061547631534,3.375077523301197,3.141901038150277,4.485566739836519,4.220048607898492,-0.26551813193802687,-0.1270942228810047,0.37040144224101673,0.10051370818560311,-0.22918057431177102,0.4973398464233666,0.13478259727667657,-1.8487740290019334,4.466531259943611,4.254541980877792,5.958555562913133,5.727006843278775,-0.23154871963435752,-0.05666992797874367,0.06427543703017861,0.12094536500892228,1.9109270675056933,1.7808896568284471,-0.48007428752736425,-2.255345952982474,-2.077534626578724,0.17781132640374997,2.7819967704810575,2.5884308303934347,-1.0395318672357892,21,0,0,0,21,0,21,0,0,21,0,0,21,0,0,0,21,0,21,0,0
capture,ar27_quadratic,capture_2,capture_2_detections.pkl,8,8,8,24,8,8,24,24,0,0,0.6806164034907267,3.7338453858029585,3.8239008575763007,4.493874793714973,4.649951225691101,0.1560764319761283,-0.14974192614405493,0.4832296583868996,0.28942870728499737,-0.1679213674420949,0.4376534416037538,0.1536852872122619,1.0773281758068096,4.74846142673105,4.860577547674709,5.411778119016893,5.552632172623129,0.14085405360623593,-0.13247668072961952,-0.11244308282336608,0.020033597906253434,3.4097597317029202,3.4647997557152226,0.3783759192614955,0.3143191749373055,0.46741839140676217,0.15309921646945668,1.5215583909726467,1.6178320127159376,0.3022404842292321,24,0,0,0,24,0,24,0,0,24,0,0,24,0,0,24,0,0,24,0,0
capture,ar27_quadratic,capture_2,capture_2_detections.pkl,9,8,5,15,5,5,15,15,0,0,-0.04490722607974788,2.70396538188315,2.6956486344371258,3.088516087598562,3.079968603719727,-0.00854748387883486,-0.05420863224062061,0.3288076546753858,0.23217631561489463,-0.06266252461492325,0.27994133794708764,0.12531810753710848,-0.20737821365247927,3.508834345910124,3.4791579805156947,4.028345533945542,3.9843380996269646,-0.04400743431857723,0.007361135695562856,-0.004492476295763481,-0.011853611991326337,1.9720507864587953,1.9461380070989243,-0.10153116169778054,0.8145638049809046,0.8157076298766204,0.0011438248957157393,1.8499849950877265,1.8652261036313451,0.056623935618033805,15,0,0,7,8,0,15,0,0,15,0,0,15,0,0,15,0,0,15,0,0
capture,ar27_quadratic,capture_3,capture_3_detections.pkl,10,8,7,21,7,7,21,21,0,0,-0.5368785969169811,3.2754752661446864,3.192469204582657,3.9951827005811964,3.9200832367542584,-0.075099463826938,-0.03049110252851202,0.17790432853593852,0.03404185046837381,-0.12527298767658507,0.4456728863419213,0.2708345139448702,-1.3307541139491852,4.355023738300996,4.199461590158434,5.273041126428911,5.093511439783069,-0.179529686645842,0.13087355320026073,0.10680674093453847,-0.024066812265722257,1.025643677982386,1.017399823782059,-0.016842552753471685,2.797042966462849,2.725234391796916,-0.07180857466593293,3.11075445269156,3.0260134204555102,-0.5200360441635095,21,0,0,0,21,0,21,0,0,21,0,0,21,0,0,0,21,0,21,0,0
capture,ar27_quadratic,capture_3,capture_3_detections.pkl,11,8,7,21,7,7,21,21,0,0,1.7878208842222747,2.8418326461963823,3.140674079431008,4.363323481938075,4.8363776179612925,0.4730541360232179,-0.03558741457469151,0.2107065302696515,0.09386068039165311,-0.08428322952528458,0.34488976808463756,0.18618733201856266,2.489629549145161,3.6285396772811156,3.9567574778786354,5.509419521941079,6.106335027184005,0.5969155052429258,0.013914052502890345,0.055046428393974826,0.04113237589108448,2.0015347817437332,2.014602906534533,0.05248338848745426,1.2678618806344708,1.7658490302724392,0.4979871496379684,2.0173922044207466,2.40940009176401,1.7353374957348215,21,0,0,0,21,0,21,0,0,21,0,0,21,0,0,21,0,0,21,0,0
capture,ar27_quadratic,capture_3,capture_3_detections.pkl,12,8,7,21,7,7,21,21,0,0,0.08812531149863645,2.3563332766417155,2.374959330621836,3.271304098194826,3.369321854556724,0.09801775636189802,-0.031561769228331864,0.23001982945109178,0.14610733284944152,-0.05855736257657633,0.29547232042554256,0.16954801550321416,0.22411844807313117,3.0552975512248977,3.0917570367986533,4.3650344415334414,4.510682126101163,0.14564768456772192,0.08566414580160481,0.05932463025632322,-0.026339515545281585,1.5672631874318783,1.5396851479352918,-0.08568354390660948,0.387504520466729,0.4627710835805298,0.07526656311380081,1.7595432964067557,1.8082592367620298,0.17380885540524638,21,0,0,11,10,0,21,0,0,21,0,0,21,0,0,12,9,0,21,0,0
capture,ar27_quadratic,capture_3,capture_3_detections.pkl,13,8,8,24,8,8,24,24,0,0,0.269618666521289,2.874870858170019,2.9213868483438663,5.43196025680845,5.570345688301842,0.13838543149339166,-0.03840633193388683,0.3406089127544643,0.2785823029445543,-0.05555186326211521,0.32463497325970836,0.22323978722713467,0.4495645900896126,3.682190190871166,3.742738194402254,6.899161408326296,7.1218027022615535,0.22264129393525778,0.20238209390725123,0.1500494838475864,-0.05233261005966483,1.4069888922569835,1.365728639047884,-0.11440302741894803,-0.5492260670844331,-0.7711024559297973,-0.2218763888453642,2.5070430208156953,2.5824961572403016,0.38402169394023655,24,0,0,24,0,0,24,0,0,24,0,0,24,0,0,6,18,0,24,0,0
capture,ar27_quadratic,capture_3,capture_3_detections.pkl,14,8,2,6,2,2,6,6,0,0,-0.36455297276476206,2.33848871123284,2.259198194005711,2.8501752440414094,2.598179515000789,-0.2519957290406203,-0.017342271518231575,0.28708965914541174,0.25510429410340607,-0.02555202129432961,0.22243790368118715,0.15468225399104932,-0.46669700265647407,2.826822219155909,2.7430324197969416,3.4751428129313933,3.1442543587036513,-0.33088845422774193,0.03556861995643127,-0.008871182208622486,-0.044439802165053756,0.857577894342745,0.9002287346524627,0.07497192982863765,0.8609824121277067,0.5602765150145407,-0.300705897113166,2.1755665027063853,2.072091866955877,-0.4395249025934014,5,1,0,6,0,0,6,0,0,6,0,0,6,0,0,0,6,0,6,0,0
capture,ar27_quadratic,capture_4,capture_4_detections.pkl,15,8,8,24,8,8,24,24,0,0,-0.5705137746017117,2.93219363466734,2.833239442154855,3.859283603730997,3.754842645036261,-0.10444095869473635,0.0011591378630558644,0.04600957772058815,0.05723651898117762,-0.03698414853951221,0.24051280285128532,0.14443773674448457,-1.1508202136138097,4.243842191550732,4.10601708875795,5.613822286357837,5.464177326731173,-0.1496449596266638,-0.006863457140082592,-0.05776307872219869,-0.0508996215821161,1.0637772451534477,1.052401708904224,-0.02407267040172756,2.3594168930813666,2.2726176111543404,-0.08679928192702624,2.7324233720046767,2.6305315773959874,-0.5464411041999844,24,0,0,20,4,0,24,0,0,24,0,0,24,0,0,0,24,0,24,0,0
capture,ar27_quadratic,capture_4,capture_4_detections.pkl,16,8,8,24,8,8,24,24,0,0,0.23324318011438255,3.4413502802309965,3.4750733706441856,4.196476636526656,4.232845858381519,0.03636922185486302,-0.009391783710821416,0.12341082123033954,0.07640973161793861,-0.030647562972654203,0.2623730871273902,0.19542792501611145,0.07565701123217247,4.638121284315216,4.646270123362394,5.705759133948408,5.718771432624103,0.013012298675694645,-0.2356930226531612,-0.2822917875207291,-0.04659876486756789,1.241885994642831,1.1359680432072705,-0.251857428501858,2.7608520384581134,2.8286358159862552,0.0677837775281418,3.2094564847581193,3.2841607049857022,0.48510060861624105,24,0,0,24,0,0,24,0,0,24,0,0,24,0,0,0,24,0,24,0,0
capture,ar27_quadratic,capture_4,capture_4_detections.pkl,17,8,8,24,8,8,24,24,0,0,1.0446991617062382,4.715430049493614,4.824933130456171,9.034991922667867,9.300415480380916,0.26542355771304926,0.13987734230913856,0.14376822959647262,0.40068272504619246,0.36984601316977683,0.2491765798657588,0.6572176056097202,1.6408496970720308,6.630516943630459,6.753118141780331,12.717772391077126,13.030723276357044,0.31295088527991766,0.15288608752221458,0.09925075240545311,-0.05363533511676147,0.5549844644063162,0.5159377691349124,-0.04181597411245552,-1.5863703875265476,-1.8349048316639482,-0.24853444413740067,4.682656595986405,4.797268799197484,1.0865151358186864,24,0,0,23,1,0,24,0,0,24,0,0,24,0,0,0,24,0,24,0,0
capture,ar27_quadratic,capture_4,capture_4_detections.pkl,18,8,8,24,8,8,24,24,0,0,0.3621048271513986,2.0866815104365624,2.171714657396135,3.886183370177536,4.226127839886625,0.339944469709089,0.010120046298686833,0.14438524131227284,0.17597483970014036,0.012994550566060381,0.1224154812027222,0.1672725339204091,0.7617449973793775,2.7113321486020516,2.8483446100186676,5.082463261741074,5.584622357408748,0.5021590956676745,0.0888649257982479,0.05014244388947967,-0.03872248190876822,0.6933563730248073,0.636934487347843,-0.07505751884105633,-0.4423539208436485,-0.7957153849406803,-0.3533614640970318,1.9681200842386875,2.076212660585652,0.43716234599245407,24,0,0,24,0,0,24,0,0,24,0,0,24,0,0,0,24,0,24,0,0
capture,ar27_quadratic,capture_4,capture_4_detections.pkl,19,8,7,21,7,7,21,21,0,0,1.0958471011067583,3.7060925753280674,3.851099749163683,5.301165633740242,5.4227066955467995,0.12154106180655777,0.1343640515088799,0.4067375343057477,0.5475394719305624,0.13349440435900897,0.20698338979852596,0.41992443131056034,2.135673157736943,5.01783642611235,5.226313763730312,7.287994017080087,7.463700399163927,0.17570638208384004,0.10641773376671283,0.05279615217150855,-0.05362158159520428,1.2208432658686765,1.2102225176604162,-0.02581973756457967,-2.915983449414379,-3.09867866631787,-0.182695216903491,3.4992376165509156,3.6559992800541234,1.1216668386713344,3,18,0,21,0,0,20,1,0,21,0,0,21,0,0,0,21,0,21,0,0
