fixation,capture,demand,target,frames,glitch,sd_S4_px,sd_m_px,S1_px,sd_P4L_px,sd_P4R_px,dS4_share_P4R,r_m_S4,k_obs,k_obs_seg_sd,k_fixed_gaze,geometric_slope,implied_slope
0,1,0.36036036036036034,-7.21983367,3490,440,0.357972071273635,1.036589757563101,446.90848840932375,0.9842997594822196,1.115465210734354,1.5746371724348465,0.3711112247418127,1.0746371724346138,6.39458345791518,-1.1338836735681332,-0.5363700169954491,-1.0321392155992513
1,1,0.36036036036036034,-3.62430389,4000,0,0.3047942232462864,0.6844689112892618,446.39583555603025,0.7914753027868682,0.5975047994649109,-0.9500676312303344,-0.6457155760119714,-1.4500676312303358,0.9541342079704386,-0.20394115855244113,-0.09378543024807846,0.5732475376362025
2,1,0.36036036036036034,0.0,3840,0,0.20091646503034055,0.3516179811540335,446.1987847805023,0.32324218016871026,0.40369371466694814,1.2243849079807936,0.41391755494174237,0.7243849079807917,2.4832673565142196,0.7326934772482422,0.33440309712302313,0.0038221807227941207
3,1,0.36036036036036034,3.62430389,3840,120,0.2818757401419002,0.774139416092666,445.06176546158326,0.7846034405306743,0.7891185453683882,0.5447147138860458,0.016281296120322742,0.04471471388588961,2.0627387566623865,1.606492707152543,0.7433211569943193,0.7233399149887348
4,1,0.36036036036036034,7.21983367,4475,591,0.34193498494745006,0.5219451993218801,445.17441660196477,0.5745612308991558,0.5226784299198527,0.2565510867394612,-0.15948743392866183,-0.24344891326058313,1.3932062058230088,2.359509030210098,1.1288544264362397,1.235497588240085
5,2,4.0,-15.0,3680,97,0.2663616827749759,1.6696365235663264,449.02129726638816,1.623815693092036,1.7245489582921922,2.8770163251379737,0.3792119179298672,2.377016325137983,6.142611246548025,-1.2085292209304868,-0.2308142195703998,-0.6520657018353165
6,2,4.0,-7.5,4000,401,0.28606177535416366,0.8652296275630394,447.08168074302324,0.8634317905344085,0.890306593022699,0.7879787442475394,0.09521138460750399,0.2879787442475333,2.0963120732268634,0.6930794895378287,0.1150311954732231,0.06715083577758756
7,2,4.0,0.0,3920,107,0.32194637991768116,0.5382137683337533,447.3400424624127,0.4607640376650767,0.6472011729081338,1.4964636419990742,0.5960603037978256,0.9964636419990723,1.3722111771944614,2.6930124494885725,0.42078554562594433,0.2681915902614643
8,2,4.0,7.5,3920,532,0.7401469546885223,1.0011667750677626,445.66998301824685,0.933312986863384,1.1863833481715176,0.9896085860146729,0.361959978050197,0.4896085860146732,2.2705877627270863,4.255379424237823,0.6841790585010272,0.6134407145619387
9,2,4.0,15.0,4076,672,0.44228401073040297,1.231362075710001,446.63888099751097,1.2596970253998359,1.2423671358605195,0.38916886961767005,-0.03980862966813605,-0.1108311303824331,2.000049627766298,5.078386972558459,0.9046600649835308,0.9202877306466172
10,3,3.0,-15.0,3616,532,0.4228704345028933,0.37293647098214916,449.0692499756968,0.34290016791135164,0.49999239975416887,0.8702391111296512,0.41981191429487513,0.37023911112972346,0.9137598085634946,-1.6717978546225578,-0.3788148094887724,-0.4586040118176611
11,3,3.0,-7.5,3913,122,0.6975339121128241,0.48638400460493375,447.14896166818306,0.4008049430512888,0.7455004874380888,0.9060461252978079,0.5823196067216244,0.4060461252978076,0.6050512107056879,0.17168066398034112,0.03395461126852637,-0.046239552220313215
12,3,3.0,0.0,3998,0,0.2828693591182685,0.4557623527515291,445.7967381670572,0.37909810889309387,0.5583285819021702,1.5498986010678237,0.6516206146257342,1.0498986010678244,1.1342824769717277,2.154409959590858,0.4029422381136778,0.20909506968392097
13,3,3.0,7.5,3758,352,0.8941830369699051,1.2888393868755599,445.06606777905716,1.0415734699451764,1.6239212692837692,1.4706829894146607,0.6734495176423703,0.9706829894146679,0.9553366795498445,3.7489970952182397,0.7247510670011721,0.5520953210987395
14,3,3.0,15.0,4160,692,0.9199472091142948,0.9415637264884237,445.95461981574283,0.7233635468270437,1.2934377120595981,1.1792640898277975,0.6636694746293708,0.6792640898277982,1.3526191415928568,4.6383089707465075,0.99788764567083,0.8775918260482621
15,4,2.0,-15.0,3798,771,0.3562956922027832,1.7385448048367504,449.3621624031987,1.6582380785882262,1.8327017929032623,2.898812725682867,0.4916103618291279,2.3988127256826512,3.356676087706587,-2.135066488314629,-0.6053526988588084,-1.205458176172388
16,4,2.0,-7.5,3840,801,0.21333989550309462,1.2876055095897472,446.96316073418603,1.2193994552571599,1.3607636902405034,4.50693745137814,0.663898694745984,4.006937451377774,2.079625910851794,-0.3497181615771465,-0.08698607601295662,-1.0503267334602309
17,4,2.0,0.0,4080,247,1.1817324274710073,0.6750240787605968,445.84612336471,0.5941403936436294,1.1209629661690217,0.8235090026199763,0.566351765816684,0.3235090026199893,0.23914300463068286,1.6158074696931437,0.3820555528952786,0.30668211172766874
18,4,2.0,7.5,3920,781,0.6426144468475088,0.8284346392740787,444.91816212197483,0.8041675471597408,0.9656081621661836,0.845939431953618,0.2683442557428797,0.34593943195363036,1.0215676602018975,3.2426147661986557,0.7966832296926717,0.7190635199295563
19,4,2.0,15.0,3432,481,0.3073409447865673,1.1956530918928197,446.12289555910604,1.1606803248622168,1.2486885296000023,1.6224205626648596,0.28851662619896096,1.122420562664808,9.593430245236657,4.198230968934556,1.153946023620358,0.8924391864749344
