capture,target_theta_deg,demand_diopters_label,start_row,end_row_exclusive,row_count,first_frame,last_frame_inclusive,first_timestamp_ms,last_timestamp_ms,duration_ms_first_to_last,timestamp_backward_jumps_in_interval,timestamp_duration_reliable,frame_span_inclusive,full_valid_count,full_invalid_count,full_median_e_n,full_median_rho4,ends_at_recording_eof
capture_1_detections.pkl,-15.0,0.36036036036036034,1000,5600,4600,1000,5599,1014.0,5676.0,4662.0,102,False,4600,4260,340,0.20149587337563318,0.7138069756184263,False
capture_1_detections.pkl,-7.5,0.36036036036036034,5600,10600,5000,5600,10599,5677.0,10684.0,5007.0,112,False,5000,4881,119,0.033226067355268854,0.7130254765751654,False
capture_1_detections.pkl,0.0,0.36036036036036034,10600,15400,4800,10600,15399,10685.0,15611.0,4926.0,106,False,4800,4732,68,-0.13890621885253046,0.7163805496468718,False
capture_1_detections.pkl,7.5,0.36036036036036034,15400,20200,4800,15400,20199,15612.0,20447.0,4835.0,107,False,4800,4655,145,-0.31444805248196317,0.7134929683383516,False
capture_1_detections.pkl,15.0,0.36036036036036034,20200,25800,5600,20200,25799,20448.0,26124.0,5676.0,124,False,5600,5345,255,-0.47568465047644515,0.7186625242999477,False
capture_2_detections.pkl,-15.0,4.0,3700,8300,4600,3700,8299,3751.0,8413.0,4662.0,0,True,4600,4596,4,0.47743568929635505,0.6821554675510411,False
capture_2_detections.pkl,-7.5,4.0,8300,13300,5000,8300,13299,8414.0,13482.0,5068.0,0,True,5000,4783,217,0.2012755339939183,0.673128825079434,False
capture_2_detections.pkl,0.0,4.0,13300,18200,4900,13300,18199,13483.0,18450.0,4967.0,0,True,4900,4691,209,-0.08487267706932163,0.6756350404800079,False
capture_2_detections.pkl,7.5,4.0,18200,23100,4900,18200,23099,18451.0,23417.0,4966.0,0,True,4900,4730,170,-0.3810744469452033,0.6856352654733424,False
capture_2_detections.pkl,15.0,4.0,23100,28200,5100,23100,28199,23418.0,28587.0,5169.0,0,True,5100,4879,221,-0.6692975490685148,0.6908876846976888,False
capture_3_detections.pkl,-15.0,3.0,1900,6900,5000,1900,6899,1926.0,6994.0,5068.0,0,True,5000,4491,509,0.4870201130318923,0.6885276302451822,False
capture_3_detections.pkl,-7.5,3.0,6900,11800,4900,6900,11799,6995.0,11961.0,4966.0,0,True,4900,4699,201,0.1938017755213283,0.6796684330470485,False
capture_3_detections.pkl,0.0,3.0,11800,16800,5000,11800,16799,11962.0,17030.0,5068.0,0,True,5000,4671,329,-0.1039639826406395,0.6857020796673694,False
capture_3_detections.pkl,7.5,3.0,16800,21500,4700,16800,21499,17031.0,21795.0,4764.0,0,True,4700,4610,90,-0.4138862382963604,0.6904118666978096,False
capture_3_detections.pkl,15.0,3.0,21500,26700,5200,21500,26699,21796.0,27067.0,5271.0,0,True,5200,5033,167,-0.7110520850342319,0.6996989234834894,False
capture_4_detections.pkl,-15.0,2.0,4500,9500,5000,4500,9499,4562.0,9630.0,5068.0,0,True,5000,4798,202,0.5000142091696231,0.6950630016249582,False
capture_4_detections.pkl,-7.5,2.0,9500,14300,4800,9500,14299,9631.0,14496.0,4865.0,0,True,4800,4608,192,0.19194287045943015,0.6878793667938351,False
capture_4_detections.pkl,0.0,2.0,14300,19400,5100,14300,19399,14497.0,19666.0,5169.0,0,True,5100,4767,333,-0.12377343668282735,0.6964718358109309,False
capture_4_detections.pkl,7.5,2.0,19400,24300,4900,19400,24299,19667.0,24633.0,4966.0,0,True,4900,4784,116,-0.44499502112496225,0.7004562530800871,False
capture_4_detections.pkl,15.0,2.0,24300,28590,4290,24300,28589,24634.0,28983.0,4349.0,0,True,4290,3993,297,-0.7534773688741441,0.7093301000070873,True
