fixation_index,capture,target_theta_deg,nominal_D,count,theta_mean,A_mean,theta_std,A_std,mean_d_bias,mean_rho4_bias,d_rmse,rho4_rmse,physical_derivative_undefined_count,optical_near_singular_fraction,mean_theta_anchor_offset_deg,mean_A_anchor_offset_D,free_theta_offset_nominal_deg,free_A_offset_nominal_D
0,capture_1_detections.pkl,-7.21983367,0.36036036036036034,3490,-7.171253077763019,0.30822991174711106,0.09835180669884974,0.03128543133967392,-1.6879478175347184e-08,-6.763270831871781e-07,1.688268858221886e-08,6.771334858906753e-07,0,0.0,0.048580592236980635,-0.05213044861324928,0.04878346861294336,-0.05278995319276142
1,capture_1_detections.pkl,-3.62430389,0.36036036036036034,4000,-3.6693840745062434,0.3774215333133419,0.03486071268634084,0.046872309180385124,1.4656636874916564e-08,2.2949429576391012e-07,1.4657408362680375e-08,2.3101553096004834e-07,0,0.0,-0.04508018450624318,0.01706117295298154,-0.04512477418947736,0.01587169705583008
2,capture_1_detections.pkl,0.0,0.36036036036036034,3840,-0.09528227482077166,0.3106485348342606,0.020553660696288265,0.0514835829305708,3.7786846975130954e-08,-6.256949329443382e-07,3.779070280950757e-08,6.271696742257288e-07,0,0.0,-0.09528227482077166,-0.04971182552609976,-0.09572942240790115,-0.05135695967179987
3,capture_1_detections.pkl,3.62430389,0.36036036036036034,3840,3.713980394410958,0.5880089621606825,0.058488451484073264,0.04368512615153046,-7.96081899055636e-08,3.6623511673455728e-06,7.964186384209846e-08,3.6644183339570345e-06,0,0.0,0.08967650441095776,0.2276486018003222,0.08930275269208376,0.22721017258971843
4,capture_1_detections.pkl,7.21983367,0.36036036036036034,4475,7.041469596834031,0.47003407480066456,0.10201801512080896,0.09373030304232746,3.6013291284044223e-08,1.4837166038891894e-06,3.610100796565649e-08,1.4889160320668556e-06,0,0.0,-0.17836407316596858,0.10967371444030422,-0.18192149963709792,0.10612311669841706
5,capture_2_detections.pkl,-15.0,4.0,3680,-14.760694830843638,3.671186751854574,0.1099299654036861,0.1678926563340656,-4.350020255377273e-07,-1.2116830187665743e-05,4.3524364824405414e-07,1.2119580943367121e-05,0,0.0,0.23930516915636169,-0.3288132481454258,0.23885589959906461,-0.33208384384043477
6,capture_2_detections.pkl,-7.5,4.0,4000,-7.525262405924841,4.307525049319987,0.14248379060213542,0.15023068307679377,1.4321163209419368e-07,1.0940080383053163e-05,1.433787991486581e-07,1.0941996985264984e-05,0,0.0,-0.02526240592484097,0.30752504931998725,-0.025165886283306627,0.30785919675393725
7,capture_2_detections.pkl,0.0,4.0,3920,-0.2356778772617139,3.968420592068103,0.053870655265499015,0.14630671269876017,1.077543262567246e-07,-1.2421205690457852e-06,1.077597678881859e-07,1.2459912720730815e-06,0,0.0,-0.2356778772617139,-0.03157940793189695,-0.23622408121883343,-0.03281586555200722
8,capture_2_detections.pkl,7.5,4.0,3920,7.150703145949645,3.455581715949966,0.16200723614446708,0.31018806186650605,5.767207202940381e-07,-1.8273198645524633e-05,5.7736994823833e-07,1.8286119281658848e-05,0,0.0,-0.3492968540503547,-0.544418284050034,-0.35371292984459757,-0.5526537361211394
9,capture_2_detections.pkl,15.0,4.0,4076,14.906444880042875,4.121868241334896,0.17092787831652556,0.18043030500538101,-1.642576898932167e-07,4.758103204462015e-06,1.64842367441147e-07,4.764351116239139e-06,0,0.0,-0.0935551199571254,0.12186824133489615,-0.09481630131612029,0.12032227122201178
10,capture_3_detections.pkl,-15.0,3.0,3616,-14.982783294285007,2.880244555064174,0.08664819663898356,0.30383219041563725,-1.1298510167554697e-07,-4.290609943344501e-06,1.1343876027839432e-07,4.299140628580794e-06,0,0.0,0.017216705714993452,-0.11975544493582602,-0.039164758449965476,-0.12031502493954349
11,capture_3_detections.pkl,-7.5,3.0,3913,-7.5681762039959635,3.394442415720133,0.06088826996678459,0.18488349418734173,1.5802020346985267e-07,1.2818304598878458e-05,1.5822319400818765e-07,1.282156093389086e-05,0,0.0,-0.06817620399596347,0.39444241572013317,-0.06881347385025283,0.394103207977722
12,capture_3_detections.pkl,0.0,3.0,3998,-0.1652849160054842,2.7851946029217873,0.029281229856448765,0.096740298207952,1.1399509995160557e-07,-6.377213623454975e-06,1.1400430744664285e-07,6.378357269261668e-06,0,0.0,-0.1652849160054842,-0.21480539707821267,-0.16585784726255717,-0.216190575484573
13,capture_3_detections.pkl,7.5,3.0,3758,7.69604875285174,2.927569819165499,0.15202965703408247,0.2574852682589577,-3.25591180146262e-08,-2.025434296099461e-06,3.3028622835342976e-08,2.0332632317080075e-06,0,0.0,0.19604875285174028,-0.07243018083450092,0.21825405118368746,-0.07467069942642901
14,capture_3_detections.pkl,15.0,3.0,4160,15.377791617153763,3.1664729804981464,0.35666098572567023,0.34887879756526397,-4.463463195347952e-07,6.960421167302214e-06,4.4705739454623705e-07,6.984521051588481e-06,0,0.0,0.37779161715376297,0.1664729804981464,0.4222428624019532,0.16752219479700425
15,capture_4_detections.pkl,-15.0,2.0,3798,-14.854551803044938,2.002967140266389,0.2692699929875768,0.12094677637196939,-5.97512882912512e-08,-1.2510672540423572e-07,5.993405362223973e-08,2.1496851900543123e-07,0,0.0,0.14544819695506206,0.002967140266389112,0.12202797349155148,0.002643305709280508
16,capture_4_detections.pkl,-7.5,2.0,3840,-7.551468082408797,2.4514943055853022,0.14906152610734807,0.09447746031977546,1.2019398614168558e-07,1.3081741592601363e-05,1.203830921310058e-07,1.3083734866092887e-05,0,0.0,-0.05146808240879697,0.45149430558530224,-0.05152334380371126,0.4521447068214606
17,capture_4_detections.pkl,0.0,2.0,4080,-0.02227245789216835,1.8182450706791196,0.08555454627858143,0.299571367435097,4.343469305317913e-08,-4.473214386640784e-06,4.3528380324755615e-08,4.482681007208101e-06,0,0.0,-0.02227245789216835,-0.18175492932088044,-0.03033880059553834,-0.1915392412109358
18,capture_4_detections.pkl,7.5,2.0,3920,7.608767137465256,1.8535202191458617,0.18002294088442558,0.15624443509839092,3.881630788109184e-08,-3.7405804585395467e-06,3.921344235597966e-08,3.743768421208677e-06,0,0.0,0.10876713746525635,-0.14647978085413826,0.10656967022221586,-0.1497827363436468
19,capture_4_detections.pkl,15.0,2.0,3432,15.106981084897667,1.9910406205432407,0.2590892909622475,0.13369029356966072,-4.321264651821781e-08,3.0223309009488583e-08,4.43010617583048e-08,1.9488068442394867e-07,0,0.0,0.10698108489766689,-0.008959379456759287,0.13015125482416146,-0.0073854041528262915
