comparison,stratum,value,arm,axis,n_shared_scored,exposure_count,signed_mean_px,signed_median_px,signed_p90_px,signed_p95_px,absolute_p95_px,rms_px
baseline27/gaze,all,all,differential_y,x,429,20,-0.003784427670011753,-0.22615137130492258,2.809341788314077,3.5702625717168974,4.406112102837642,2.1330176347547587
baseline27/gaze,all,all,differential_y,y,429,20,0.13402371258738977,0.0010840538285492585,3.0792050335537393,3.7460345000194364,4.3751203662601235,2.5641881156089754
baseline27/gaze,all,all,xy,x,429,20,0.013191390116697482,-0.16316230861855274,2.7650969762945348,3.638275995157925,4.274410242613498,2.1343194344210525
baseline27/gaze,all,all,xy,y,429,20,0.09785841378034692,0.09285181714324153,2.928053869647078,3.6346317321777404,4.666746422252981,2.6759270191004156
baseline27/gaze,capture,capture_1_detections.pkl,differential_y,x,117,5,-0.06175603528323009,-0.1369482267867852,3.359434471212672,3.6961823157015243,4.437751916190699,2.15590779992815
baseline27/gaze,capture,capture_1_detections.pkl,differential_y,y,117,5,0.4168511195577854,0.03878904898056135,3.443748214021552,4.8176043995647415,4.8176043995647415,2.7935568520338787
baseline27/gaze,capture,capture_1_detections.pkl,xy,x,117,5,-0.04388804456899422,-0.2124138971262255,3.2358887690574205,3.5895000079365214,4.395362429225133,2.139174796498738
baseline27/gaze,capture,capture_1_detections.pkl,xy,y,117,5,0.5176379392533783,0.5374362208042385,2.978916675852714,4.195159302356529,4.669287023023865,2.843494769662319
baseline27/gaze,capture,capture_2_detections.pkl,differential_y,x,102,5,-0.014255505411724987,-0.37603847505491217,3.806207645190222,5.334981931446141,5.354905480064109,2.907599509670779
baseline27/gaze,capture,capture_2_detections.pkl,differential_y,y,102,5,-0.6405517771337234,-1.0256595897647856,2.6756028957441633,3.6321174802765275,3.7391009454794233,2.2783121369022377
baseline27/gaze,capture,capture_2_detections.pkl,xy,x,102,5,-0.0019654297216722145,-0.36882521856486505,4.009415277575114,5.392922377823647,5.398244178339538,2.9132733273636586
baseline27/gaze,capture,capture_2_detections.pkl,xy,y,102,5,-0.693456947237299,-0.8777058131384763,2.403707367683694,3.276081790226354,4.296595608849141,2.2957482365077015
baseline27/gaze,capture,capture_3_detections.pkl,differential_y,x,93,5,0.0420384275950761,0.006116988129065248,2.3218024659323073,2.925145223324806,3.060139609659381,1.8231932404856386
baseline27/gaze,capture,capture_3_detections.pkl,differential_y,y,93,5,0.458945085609478,0.416849466174142,3.03208821543634,3.2178743011853257,3.6848109340597253,2.0262588372953947
baseline27/gaze,capture,capture_3_detections.pkl,xy,x,93,5,0.0726525267568526,-0.11457849047360469,2.247323972708864,3.0109986276860985,3.38721557739675,1.777484909256119
baseline27/gaze,capture,capture_3_detections.pkl,xy,y,93,5,0.3734244247496191,0.22516068813592938,2.9689166660748696,3.1470771789945386,3.850289735870807,2.104503070801573
baseline27/gaze,capture,capture_4_detections.pkl,differential_y,x,117,5,0.026892516609886754,-0.3256964809072542,1.9610476690772445,2.703112467161918,2.9829930619443057,1.4219980294509416
baseline27/gaze,capture,capture_4_detections.pkl,differential_y,y,117,5,0.2681964104075866,0.5037143433490314,3.1068032931101928,3.6089004072061694,4.552260051063013,2.9181912282382876
baseline27/gaze,capture,capture_4_detections.pkl,xy,x,117,5,0.03622048220392152,-0.13333405055766434,1.9760573359758165,2.688242988904585,2.9613200968070013,1.4887395847497804
baseline27/gaze,capture,capture_4_detections.pkl,xy,y,117,5,0.1489039122702007,0.34292476524609583,3.109722193871381,3.7040565763643065,5.26488086226568,3.1709341376333438
baseline27/gaze,held_point,0,differential_y,x,143,20,-0.18559948828938597,-0.30308799561407795,2.728276779870248,3.107831268147334,4.459589125093214,2.1121448766191353
baseline27/gaze,held_point,0,differential_y,y,143,20,-0.002688600944130466,0.09261275762850119,2.9943937487752574,3.646698426842494,4.321332897410061,2.315389271039372
baseline27/gaze,held_point,0,xy,x,143,20,-0.13518820565754047,-0.2124138971262255,2.734847532730555,3.039090373759814,4.385446061600761,2.1199123590568645
baseline27/gaze,held_point,0,xy,y,143,20,-0.06353770174325786,-0.07694432901718073,2.3607840461225233,3.0460737870548495,3.897738469084471,2.0164249236365523
baseline27/gaze,held_point,1,differential_y,x,143,20,-0.07879931763578749,-0.10895428905939752,2.1822141476049404,2.7011994255919163,3.5786478717754906,1.6992856157656573
baseline27/gaze,held_point,1,differential_y,y,143,20,0.07438243491243916,-0.30819729091831505,3.2383023691088058,4.164066405719916,4.6592051899974205,2.9155275212147447
baseline27/gaze,held_point,1,xy,x,143,20,-0.01717936153995906,-0.11176696864731639,2.1351251779058993,2.6157159244051864,3.9627442061398153,1.6923243057332316
baseline27/gaze,held_point,1,xy,y,143,20,0.08899765477090622,0.003615931316289789,3.6827685165471618,4.429807169339541,5.388665490770815,3.604654736450967
baseline27/gaze,held_point,2,differential_y,x,143,20,0.2530455229151382,-0.25428761106013553,3.6430221385493264,4.8023684214072695,4.843015293560565,2.5100926490366495
baseline27/gaze,held_point,2,differential_y,y,143,20,0.3303773037938606,0.36647061433041017,2.9045398418643003,3.5179399645819402,3.698087111128399,2.4215395667397415
baseline27/gaze,held_point,2,xy,x,143,20,0.19194173754759197,-0.22223411106369895,3.5606682594986974,4.861686395354296,4.904133768236558,2.511566917003148
baseline27/gaze,held_point,2,xy,y,143,20,0.2681152883133924,0.4361840010165565,2.5580670905976035,2.951394583436536,3.396258274678207,2.1029148801066215
baseline27/gaze,signed_gaze_deg,-10.0,differential_y,x,87,4,0.31209916633258805,0.6957078280852897,2.384139384061212,3.086446977777684,4.138685492168873,1.9858016482025411
baseline27/gaze,signed_gaze_deg,-10.0,differential_y,y,87,4,1.0737708478725962,1.2149263537197612,3.57804446947871,4.256984030188518,4.751604721451395,3.2124469885819167
baseline27/gaze,signed_gaze_deg,-10.0,xy,x,87,4,0.366387346438694,0.4675650167137064,2.1945668954241,3.1357169267443235,4.092953987417123,1.862342618279557
baseline27/gaze,signed_gaze_deg,-10.0,xy,y,87,4,0.8512944028700334,1.2271819892627605,3.3103927394145902,3.930468262777231,5.231709934749769,3.209624828637174
baseline27/gaze,signed_gaze_deg,-5.0,differential_y,x,90,4,-0.26166817345457566,-0.4732204478991662,1.4343606734561947,1.631636454860091,2.362500438559686,1.258581604864193
baseline27/gaze,signed_gaze_deg,-5.0,differential_y,y,90,4,0.2359301178352742,-0.08898947934275725,3.007316423460333,3.6130886137938005,3.6130886137938005,2.0478978603777045
baseline27/gaze,signed_gaze_deg,-5.0,xy,x,90,4,-0.31134191445450293,-0.5034294004288995,1.7207051489235259,1.8622455433673224,2.5389773565100997,1.5273880784529374
baseline27/gaze,signed_gaze_deg,-5.0,xy,y,90,4,0.33996482663294564,-0.000806853549306652,3.038910071844134,4.363892124119581,4.363892124119581,2.1004751441538954
baseline27/gaze,signed_gaze_deg,0.0,differential_y,x,90,4,-0.018314377467855695,-0.22016671580695402,1.8172198914182567,2.3927705285591743,2.3927705285591743,1.2227933914305833
baseline27/gaze,signed_gaze_deg,0.0,differential_y,y,90,4,-1.2483888625955186,-0.8209500883189662,0.8668397654049401,2.1153733677066526,3.5883779985306736,2.7946289326503613
baseline27/gaze,signed_gaze_deg,0.0,xy,x,90,4,-0.045953005364803325,-0.18615029616813672,1.5715168566446684,2.3348621797000755,2.3428337991526287,1.1836971298168983
baseline27/gaze,signed_gaze_deg,0.0,xy,y,90,4,-1.3135271499735413,-0.9311817421744024,1.1615422061833367,1.9834500342767143,4.834468657097148,3.231405967173416
baseline27/gaze,signed_gaze_deg,10.0,differential_y,x,66,4,0.026275618189930756,0.5324426711680417,3.322601509814831,3.850971384116235,4.379728500876013,2.726385290955493
baseline27/gaze,signed_gaze_deg,10.0,differential_y,y,66,4,-0.10245725590904313,0.23720798689791422,2.776055806471959,3.1308561673851187,3.8129586760685186,2.139862606089627
baseline27/gaze,signed_gaze_deg,10.0,xy,x,66,4,0.12743131074652217,0.7158992645372564,3.6810663337815868,3.9725529297715525,4.116290685174931,2.701739903046606
baseline27/gaze,signed_gaze_deg,10.0,xy,y,66,4,0.5162781484386844,0.7207346232671625,3.1089357178250623,3.6355318879631966,3.9937283528310843,2.2064511656605554
baseline27/gaze,signed_gaze_deg,5.0,differential_y,x,96,4,-0.055332376655070924,-0.6709768963000897,3.7953894763004428,5.463654548042598,5.550688813535686,2.9598881888181667
baseline27/gaze,signed_gaze_deg,5.0,differential_y,y,96,4,0.645433071390554,0.5843683401919293,3.8457606117850673,4.532226383657019,4.8252597910151,2.372404279370632
baseline27/gaze,signed_gaze_deg,5.0,xy,x,96,4,-0.025734546933708913,-0.6418114157773971,3.8527334279951333,5.508926656694257,5.578506053449416,2.9486280500180615
baseline27/gaze,signed_gaze_deg,5.0,xy,y,96,4,0.22359268506017038,0.22690072013642748,2.438558974960131,3.465318629743166,4.674877210888965,2.321703712227073
baseline27/capture,all,all,differential_y,x,429,20,-0.013572235584034824,-0.0900189258594537,2.096174728119865,2.998353605181062,3.6330825925594126,1.6600960032303655
baseline27/capture,all,all,differential_y,y,429,20,-0.27872265043769845,-0.0707350077404385,3.595969124627413,4.402229916718602,6.121153354353225,3.237245023325497
baseline27/capture,all,all,xy,x,429,20,-0.048546333044427736,-0.1487900637242774,2.3203798032801832,3.27161153452971,3.923377587943717,1.8651427322934744
baseline27/capture,all,all,xy,y,429,20,-0.45929363052625677,-0.03724429528733708,3.594454896152183,4.650467406181246,7.2522557871896876,3.608993279582501
baseline27/capture,capture,capture_1_detections.pkl,differential_y,x,117,5,-0.14341938433262238,-0.20995035996747902,1.18422143844025,3.4204415307810656,4.208846468053339,1.709273378619111
baseline27/capture,capture,capture_1_detections.pkl,differential_y,y,117,5,-0.5686161792731786,-1.2416992580219812,4.810762274827289,5.410982761018192,6.859259244905115,4.078214586040554
baseline27/capture,capture,capture_1_detections.pkl,xy,x,117,5,-0.22380246693638742,-0.3900891975963532,1.8704484547787177,3.353794198269064,4.207660880879619,1.8179243340422315
baseline27/capture,capture,capture_1_detections.pkl,xy,y,117,5,-1.12780196576902,-1.4745194039832654,4.814176269906059,5.764426138475572,9.728571955702225,4.906313776959328
baseline27/capture,capture,capture_2_detections.pkl,differential_y,x,102,5,0.038414215786926935,-0.8024739477153844,2.7902848292577915,4.752970379689488,4.752970379689488,2.37752673053903
baseline27/capture,capture,capture_2_detections.pkl,differential_y,y,102,5,-1.6655832390948422,-1.6697293025005422,1.8038296201184056,2.791853954186586,5.44390214646156,3.1817570668662247
baseline27/capture,capture,capture_2_detections.pkl,xy,x,102,5,-0.06634307300803903,-0.4691876910709425,3.821311139337562,4.797658847774539,4.892803765027274,2.7681491028287923
baseline27/capture,capture,capture_2_detections.pkl,xy,y,102,5,-1.6032413187418306,-1.4073115048510374,1.5521765405171724,2.549393593630911,5.837920519551907,3.028524492274355
baseline27/capture,capture,capture_3_detections.pkl,differential_y,x,93,5,0.07008250972115555,0.08016890500800855,1.8223921149706028,2.727380352461018,3.131240793136293,1.4405323896942117
baseline27/capture,capture,capture_3_detections.pkl,differential_y,y,93,5,0.8330009779681704,0.8283389471698683,3.2581726331289813,3.6891049351662555,3.78420954916861,2.110598157192382
baseline27/capture,capture,capture_3_detections.pkl,xy,x,93,5,0.10655995889976749,0.013036913190831001,1.9505059688880462,2.746250145049561,3.148392898034512,1.5017047729770197
baseline27/capture,capture,capture_3_detections.pkl,xy,y,93,5,0.9191939509849537,0.869858192447964,3.7443767530939103,4.485174571446304,4.65744645751922,2.393855996220776
baseline27/capture,capture,capture_4_detections.pkl,differential_y,x,117,5,0.0044585939062552525,-0.0014945743230327935,0.9680980487589983,1.1300587358928167,1.5571003578939324,0.7784715694164884
baseline27/capture,capture,capture_4_detections.pkl,differential_y,y,117,5,0.33655107157113956,0.746144515760875,3.500009688624209,3.783567410021428,4.579800041864995,3.0704065732002617
baseline27/capture,capture,capture_4_detections.pkl,xy,x,117,5,0.01893529080888405,-0.05382662758495371,1.3947871247873538,1.5656351414253773,1.6393892700609511,0.9888414346987799
baseline27/capture,capture,capture_4_detections.pkl,xy,y,117,5,0.11078153478014716,0.547854240747597,3.60024336624806,4.423988845827824,6.182906051223267,3.336867728507714
baseline27/capture,held_point,0,differential_y,x,143,20,-0.5265666357285635,-0.178518661984981,1.1721237076786564,1.7444650548183522,3.9670666350586212,1.7747020646808669
baseline27/capture,held_point,0,differential_y,y,143,20,-0.2377433303988809,-0.12946434412816643,3.4620528117571094,4.026925769693123,6.127067335527528,2.965060091099235
baseline27/capture,held_point,0,xy,x,143,20,-0.3590126228806046,0.1912336741800118,1.6717569689653144,1.9976122120976243,4.454800179586642,2.1444471945061365
baseline27/capture,held_point,0,xy,y,143,20,-0.3217394493907799,-0.1181548755164954,2.6341461442100917,2.889176557978033,5.688191743398286,2.5846936769340907
baseline27/capture,held_point,1,differential_y,x,143,20,0.09619032124335955,-0.07120200742519955,2.2959907972765676,2.7073729022810995,2.73094059391857,1.4300004440252942
baseline27/capture,held_point,1,differential_y,y,143,20,-0.1618132609280199,-0.08775860164939786,3.9207320647393997,4.839995223166819,6.226233127851652,3.5329644671517433
baseline27/capture,held_point,1,xy,x,143,20,0.013945968604832853,-0.20634873778919882,2.1859611616183883,2.6431652203158253,2.653039194682458,1.4121045921885131
baseline27/capture,held_point,1,xy,y,143,20,-0.5444782077309879,0.12279105419111147,5.0029479415589995,5.898624876980376,9.810495373547168,4.959798522314036
baseline27/capture,held_point,2,differential_y,x,143,20,0.3896596077330995,0.06633927263362693,3.3269854701471093,3.883147698078119,3.883147698078119,1.7530794424466998
baseline27/capture,held_point,2,differential_y,y,143,20,-0.43661135998619455,0.010680586671071524,3.406141388592232,3.9591266160553915,5.456465853743168,3.188392502994398
baseline27/capture,held_point,2,xy,x,143,20,0.19942765514248856,-0.3900891975963532,3.467104083728213,4.366651325902718,4.366651325902718,1.9605048039156583
baseline27/capture,held_point,2,xy,y,143,20,-0.5116632344570025,0.06979148057013163,2.5141578568257383,3.0176855868562034,5.499307124889835,2.7918192439130802
baseline27/capture,signed_gaze_deg,-10.0,differential_y,x,87,4,0.10787097978400968,0.2054514049982572,1.7040366652285013,2.3260716019259693,2.927386283204055,1.4310053477380675
baseline27/capture,signed_gaze_deg,-10.0,differential_y,y,87,4,-0.5366514676292715,1.945947097645444,3.714287447078573,4.618921955712228,7.190037533186689,4.392478408392855
baseline27/capture,signed_gaze_deg,-10.0,xy,x,87,4,0.056597702600536245,-0.11029612123405741,2.0760477054391924,3.2293824524796264,4.581364748306988,1.9961649737091178
baseline27/capture,signed_gaze_deg,-10.0,xy,y,87,4,-0.7782807103419521,1.0522573178039352,4.20927221062168,5.174551879146305,10.19970563012271,4.902358906131052
baseline27/capture,signed_gaze_deg,-5.0,differential_y,x,90,4,-0.1734014103837031,-0.32146650136115795,1.459558665847749,1.8482424098809984,2.3633827241606014,1.2339968887757367
baseline27/capture,signed_gaze_deg,-5.0,differential_y,y,90,4,-0.7879830996676124,-1.5796728265615059,3.4979948733605624,3.7114418545612295,4.708928132630805,3.140391332945355
baseline27/capture,signed_gaze_deg,-5.0,xy,x,90,4,-0.25254496572473184,-0.5106322230071783,1.6666600970670646,2.2286016552608943,3.3459108529977697,1.657025548822407
baseline27/capture,signed_gaze_deg,-5.0,xy,y,90,4,-0.9094721511310095,-0.8963796095488021,3.248355291326462,4.952327404658461,5.926006096047274,3.5531476095572914
baseline27/capture,signed_gaze_deg,0.0,differential_y,x,90,4,-0.031759938670859356,-0.21398957909769933,1.857750710239933,2.713948776783502,2.713948776783502,1.2576189617778537
baseline27/capture,signed_gaze_deg,0.0,differential_y,y,90,4,-1.3095674329730558,-0.875529802869977,1.229106732667993,1.8304671456715391,4.318410823217567,2.900463403738428
baseline27/capture,signed_gaze_deg,0.0,xy,x,90,4,-0.05094811107635577,-0.16390933965118393,1.8243286132643464,2.47063882844655,2.527411688832194,1.2910418577993588
baseline27/capture,signed_gaze_deg,0.0,xy,y,90,4,-1.4764270651316154,-0.8872364312374543,1.3052127719603677,2.2376602314314225,5.7553942711606,3.3920148155098246
baseline27/capture,signed_gaze_deg,10.0,differential_y,x,66,4,0.014478733055835673,-0.14979934091797986,1.2607189231119946,2.641333079121239,2.641333079121239,1.2773742688479197
baseline27/capture,signed_gaze_deg,10.0,differential_y,y,66,4,0.627169774692642,1.0612280266596201,4.148230691192879,4.727313382898501,4.769449159467456,2.9309114176016733
baseline27/capture,signed_gaze_deg,10.0,xy,x,66,4,0.01929145779327903,-0.3068673732504976,2.2847976274678103,2.676937066977189,2.676937066977189,1.4733981842754131
baseline27/capture,signed_gaze_deg,10.0,xy,y,66,4,0.6117578162007775,1.1155318628792656,4.050728062930574,5.7490481910695905,6.295827318061868,3.269455563219283
baseline27/capture,signed_gaze_deg,5.0,differential_y,x,96,4,0.023975632567350875,0.004776427859042087,3.6712692614661933,4.495550754359186,4.906415635338561,2.5352710852562494
baseline27/capture,signed_gaze_deg,5.0,differential_y,y,96,4,0.7760729526449973,0.5787128944377571,4.184453862588896,5.178654644991184,5.459323149296154,2.511568201876506
baseline27/capture,signed_gaze_deg,5.0,xy,x,96,4,0.003028788494117881,0.004108733525526986,3.5046590024523425,4.484645084574424,4.835028908817293,2.511045694632728
baseline27/capture,signed_gaze_deg,5.0,xy,y,96,4,0.4690454989413606,0.4277548356519105,3.009412478804279,4.516087938282169,5.410501555242973,2.5403391604261536
strong_anchor37/gaze,all,all,differential_y,x,429,20,-0.2860680075901971,-0.5632639849638963,5.1109122699872955,5.856916505426579,7.830754566702897,3.619732847111605
strong_anchor37/gaze,all,all,differential_y,y,429,20,-0.4774742953188069,-0.22980546481073816,2.653505275713519,3.410496411021035,6.016566526884522,2.942504033120369
strong_anchor37/gaze,all,all,xy,x,429,20,-0.14722664615817804,-0.5258689894517374,4.7898584185681665,5.891662984797823,7.9052590105052305,3.6799824118836906
strong_anchor37/gaze,all,all,xy,y,429,20,-0.4365744458194471,-0.22600270104999254,2.5380608639001707,3.2085271316530446,5.422314836429082,2.8874327877999626
strong_anchor37/gaze,capture,capture_1_detections.pkl,differential_y,x,117,5,-0.48372438804335666,-0.7101379208560274,5.18711268587897,7.171882908339192,8.43337338129636,4.259147705417303
strong_anchor37/gaze,capture,capture_1_detections.pkl,differential_y,y,117,5,-0.12349937781870603,-0.07020750238638129,3.596131626111947,4.982003032747544,6.529339135570443,3.3169568525334823
strong_anchor37/gaze,capture,capture_1_detections.pkl,xy,x,117,5,-0.24408366462948172,-0.6292942619870701,4.98977616664331,7.157005147319341,8.4307627716169,4.264859455222881
strong_anchor37/gaze,capture,capture_1_detections.pkl,xy,y,117,5,-0.13021695870925631,-0.29233279143841173,2.908594187510881,3.999096095904992,5.237139727206044,2.84662295757197
strong_anchor37/gaze,capture,capture_2_detections.pkl,differential_y,x,102,5,-0.2730849173310923,-0.46355914466158765,5.051399706163719,5.560473173470819,6.409686459725059,3.7842543916475586
strong_anchor37/gaze,capture,capture_2_detections.pkl,differential_y,y,102,5,-1.4284079966616114,-1.0783672776359197,1.258907231842102,1.9510200492032517,5.64269691486489,2.771935572870674
strong_anchor37/gaze,capture,capture_2_detections.pkl,xy,x,102,5,-0.2610357931251588,-0.7183305157659561,4.674245199048244,5.430582054480257,7.877339447073697,3.9780965268954387
strong_anchor37/gaze,capture,capture_2_detections.pkl,xy,y,102,5,-1.3129497559768735,-0.8893713501343825,1.2743218096062212,2.354095828539205,5.548757894541308,2.8010106929510012
strong_anchor37/gaze,capture,capture_3_detections.pkl,differential_y,x,93,5,-0.0041870578193676814,-0.5631491779266753,4.034636290856746,4.889860038205933,5.295342715034712,2.6627051619783497
strong_anchor37/gaze,capture,capture_3_detections.pkl,differential_y,y,93,5,-0.05499313327942751,0.2806987474929201,2.4472429340665247,2.82088534120121,3.6724977095494498,1.9094913349349072
strong_anchor37/gaze,capture,capture_3_detections.pkl,xy,x,93,5,0.07003239490683322,-0.6124921646340908,4.0522296194827945,5.0159759818106915,5.946147736893237,2.8493749886339916
strong_anchor37/gaze,capture,capture_3_detections.pkl,xy,y,93,5,0.041448956640558345,0.10771066548102226,2.4468390990273514,2.8176066185034867,3.8702794985805884,1.9749552993434027
strong_anchor37/gaze,capture,capture_4_detections.pkl,differential_y,x,117,5,-0.3237894351294806,-0.579053976313503,5.768234570025823,5.903081426134849,8.16895737865561,3.4324606827238333
strong_anchor37/gaze,capture,capture_4_detections.pkl,differential_y,y,117,5,-0.3382484481410977,0.37778964354345135,2.988930125220782,3.338324153519714,7.565295028614802,3.338897009473061
strong_anchor37/gaze,capture,capture_4_detections.pkl,xy,x,117,5,-0.12384448092118215,-0.34305092779948154,5.762184936136509,5.981036109185788,7.792537997002224,3.34904130306075
strong_anchor37/gaze,capture,capture_4_detections.pkl,xy,y,117,5,-0.3588797516708604,0.29485148339506395,2.9512982890061266,3.5246990387192203,6.302154808419174,3.5392876963542803
strong_anchor37/gaze,held_point,0,differential_y,x,143,20,-0.06157240319484598,-0.14638214951946793,5.3999472845986904,6.89373575565192,7.250897498730001,3.577485428691573
strong_anchor37/gaze,held_point,0,differential_y,y,143,20,-0.32040427805265803,-0.06517125333715512,2.9559643538996614,3.5445139644819394,5.068367329305358,2.6238222878853525
strong_anchor37/gaze,held_point,0,xy,x,143,20,0.04563897654570117,-0.2651112329035641,5.3155682667958875,6.889506316320336,7.659722043805734,3.561098989121539
strong_anchor37/gaze,held_point,0,xy,y,143,20,-0.4028428386656831,-0.08513391195759823,2.4707960522533083,3.047704799450901,4.750319317470724,2.4176844829316213
strong_anchor37/gaze,held_point,1,differential_y,x,143,20,-0.6338095411541688,-0.656357264006715,1.4804453576673267,3.6703834021274253,4.280297950426502,2.279501946144118
strong_anchor37/gaze,held_point,1,differential_y,y,143,20,-0.897676760485105,-0.5238142005762256,2.779509995634726,3.6565172517154796,7.604969045780411,3.6959610003929533
strong_anchor37/gaze,held_point,1,xy,x,143,20,-0.2669092802313147,-0.3702150951431804,3.7451825047221288,4.011759458107384,4.431374735715911,2.3084186694434905
strong_anchor37/gaze,held_point,1,xy,y,143,20,-0.6899251648507347,-0.39539111247745495,3.2423062920188386,4.526422136063729,7.0901162015708366,3.825725488945247
strong_anchor37/gaze,held_point,2,differential_y,x,143,20,-0.1628220784215766,-0.9923908942404296,5.62870418528288,5.956168120125869,8.60482433412758,4.616586026318659
strong_anchor37/gaze,held_point,2,differential_y,y,143,20,-0.21434184741865767,-0.09674634974811624,2.0493378480667612,2.8244653981326002,3.985833023540159,2.3303259085285264
strong_anchor37/gaze,held_point,2,xy,x,143,20,-0.22040963478892056,-1.2047892659916215,5.473860041671605,6.1853384218391865,8.601270693931724,4.755690159331472
strong_anchor37/gaze,held_point,2,xy,y,143,20,-0.21695533394192354,-0.15457647819533804,2.065624403766583,2.532193677076993,3.5301451068258984,2.128480804802594
strong_anchor37/gaze,signed_gaze_deg,-10.0,differential_y,x,87,4,-0.2158922601596454,-1.7045772384361726,5.833464526898616,6.109618287456255,7.022561952427895,4.432796958409699
strong_anchor37/gaze,signed_gaze_deg,-10.0,differential_y,y,87,4,-0.8663181889127857,-0.31241797534949,1.8432468228261774,3.059219935068082,6.782375474011243,3.6002828680861163
strong_anchor37/gaze,signed_gaze_deg,-10.0,xy,x,87,4,0.27453677610127597,-1.2070790867413166,5.981807567095143,6.8374699483815355,7.406574249767988,4.607058616474829
strong_anchor37/gaze,signed_gaze_deg,-10.0,xy,y,87,4,-1.1964415320885466,-0.8880496941763454,2.0497268295363713,2.4882731906978,6.3896902543956875,3.4580960241153664
strong_anchor37/gaze,signed_gaze_deg,-5.0,differential_y,x,90,4,-0.27166192912506326,-0.7006548202958811,1.699103361607547,1.8772227257222194,2.8952843292406527,1.4551927513399718
strong_anchor37/gaze,signed_gaze_deg,-5.0,differential_y,y,90,4,0.3983862140235077,-0.006626011593652947,3.1772803500537523,3.745199785348785,3.745199785348785,2.009706864446776
strong_anchor37/gaze,signed_gaze_deg,-5.0,xy,x,90,4,-0.26843966542899506,-0.6037849837852605,1.9441869356374357,2.1226554631246524,2.94448009522911,1.6678548956957762
strong_anchor37/gaze,signed_gaze_deg,-5.0,xy,y,90,4,0.5755256730386085,0.4022919303566823,3.2528580665898863,4.661807231233296,4.661807231233296,2.1309185561054935
strong_anchor37/gaze,signed_gaze_deg,0.0,differential_y,x,90,4,-0.023356019381022483,-0.15824819779641075,2.764286899082338,3.747953169078164,3.8164505699841924,1.9968076020333185
strong_anchor37/gaze,signed_gaze_deg,0.0,differential_y,y,90,4,-1.3310697580557853,-1.042700689298215,1.0274310673389,1.732481134653434,4.207617359228083,2.892995542474382
strong_anchor37/gaze,signed_gaze_deg,0.0,xy,x,90,4,-0.0712222532984558,-0.1303420482324782,2.649084278380217,3.619833788547413,4.0125050490765375,2.040666696815884
strong_anchor37/gaze,signed_gaze_deg,0.0,xy,y,90,4,-1.339512596612125,-0.9147012908942713,1.3485801617810989,2.1881359633998394,5.09070911548763,3.4252118014535107
strong_anchor37/gaze,signed_gaze_deg,10.0,differential_y,x,66,4,-1.0583789531779437,-0.59689041055492,7.0695806568216994,7.842063874310554,8.767733095613323,6.149323800552992
strong_anchor37/gaze,signed_gaze_deg,10.0,differential_y,y,66,4,-1.8825077687934206,-1.4202297041947531,2.4051249751007333,3.1020008879407186,7.574978682504394,3.818205297390242
strong_anchor37/gaze,signed_gaze_deg,10.0,xy,x,66,4,-0.7995380843206865,-0.18874009046987794,7.059530045495421,7.842622844383868,9.075323842471022,6.129433770608301
strong_anchor37/gaze,signed_gaze_deg,10.0,xy,y,66,4,-1.0648718668138737,-0.8769950021808768,2.3727528612267577,3.038064341025816,5.860693412456527,2.8898091029566437
strong_anchor37/gaze,signed_gaze_deg,5.0,differential_y,x,96,4,-0.07849919111472303,-0.6398977014260936,4.092324758216819,5.2034253303120295,5.530346505225424,3.003928767754257
strong_anchor37/gaze,signed_gaze_deg,5.0,differential_y,y,96,4,0.8200025150720306,0.7301909118912988,3.2285501096083067,4.634006520794657,4.766703995641279,2.2998679223509955
strong_anchor37/gaze,signed_gaze_deg,5.0,xy,x,96,4,-0.03860254658368234,-0.601098186300419,4.063365435598428,5.259106581755873,5.449149854665251,2.9900831188826102
strong_anchor37/gaze,signed_gaze_deg,5.0,xy,y,96,4,0.5816702329843011,0.46374286093097794,2.8445414575000427,3.6760077294010784,4.70164871299707,2.3286685034855035
strong_anchor37/capture,all,all,differential_y,x,429,20,0.006446687082348141,-0.1327348101460757,2.105183542791656,3.3231618094910567,3.786364289888705,1.7151551755361636
strong_anchor37/capture,all,all,differential_y,y,429,20,-0.38128687669475436,0.035494284384640196,3.524938321742069,4.451731778118301,6.67995913839353,3.4199811629206502
strong_anchor37/capture,all,all,xy,x,429,20,-0.020371662633952823,-0.10887815487853914,2.7890674261417168,3.7079413904877807,4.204401325474237,2.084333972490135
strong_anchor37/capture,all,all,xy,y,429,20,-0.5571235130279766,0.1439624266397459,3.428472634229569,4.853447514068462,7.807200619135015,3.813501925560182
strong_anchor37/capture,capture,capture_1_detections.pkl,differential_y,x,117,5,-0.06992586822255549,-0.20854943773701962,2.5419895821612504,3.592247539778484,4.34613725770714,1.8400961117193009
strong_anchor37/capture,capture,capture_1_detections.pkl,differential_y,y,117,5,-0.6443276175335175,-1.181624822818776,5.054248155757206,5.662064826618857,7.492925257918986,4.4538679900654765
strong_anchor37/capture,capture,capture_1_detections.pkl,xy,x,117,5,-0.13994035963592205,-0.16379461334554435,3.5098387346386297,3.8565126741210403,4.103452753976216,2.373776655667337
strong_anchor37/capture,capture,capture_1_detections.pkl,xy,y,117,5,-1.5742884223883027,-1.6881557436727803,5.062786350268232,6.0805053125684685,10.094707645379703,5.488833668788354
strong_anchor37/capture,capture,capture_2_detections.pkl,differential_y,x,102,5,0.04238582632642725,-0.5600288485814815,3.2749014245187937,4.659962272298695,4.66632310918751,2.4153125700275244
strong_anchor37/capture,capture,capture_2_detections.pkl,differential_y,y,102,5,-2.09666400269279,-1.7165556399621664,1.1459811505765576,1.7811598619623878,6.536205126444303,3.431852756471514
strong_anchor37/capture,capture,capture_2_detections.pkl,xy,x,102,5,-0.06082411866081632,-0.3273601538514299,4.335662291984057,4.778977348591591,4.994191401726061,2.9786354033946587
strong_anchor37/capture,capture,capture_2_detections.pkl,xy,y,102,5,-1.6494347759053605,-1.335372313282022,1.1815853891772918,1.7711159877250118,5.987807006288818,2.9675762334382307
strong_anchor37/capture,capture,capture_3_detections.pkl,differential_y,x,93,5,0.05359462598738918,-0.1156772250699305,2.058027886797004,2.5706606240553564,3.432673789116824,1.4707901099785992
strong_anchor37/capture,capture,capture_3_detections.pkl,differential_y,y,93,5,0.886371208933204,1.0202683861101605,3.305046916435015,3.6376592110983434,3.8584540890982675,2.1110127055971044
strong_anchor37/capture,capture,capture_3_detections.pkl,xy,x,93,5,0.09775894907186872,-0.10549279121335076,2.1365884209628345,2.5746982907499376,3.505895707817397,1.493714112741792
strong_anchor37/capture,capture,capture_3_detections.pkl,xy,y,93,5,1.0035142027505115,0.9797831228974019,3.5058793648591857,4.481453194643882,4.651124338212025,2.3698812254441566
strong_anchor37/capture,capture,capture_4_detections.pkl,differential_y,x,117,5,0.014011118275586076,0.010903018830504152,0.9585349240223424,1.1020133559676195,1.4624919616531298,0.7714818014740679
strong_anchor37/capture,capture,capture_4_detections.pkl,differential_y,y,117,5,0.3695851879764832,0.7025604001988768,3.3528812932990832,3.6554928448903627,4.463707632290379,3.0396509782438765
strong_anchor37/capture,capture,capture_4_detections.pkl,xy,x,117,5,0.040564586727834126,0.06216391135490085,1.1749364738274837,1.3522718968402585,1.6314251962762454,0.8868626915931388
strong_anchor37/capture,capture,capture_4_detections.pkl,xy,y,117,5,0.17180585142716803,0.6671071759308234,3.5646459294824355,4.390603022339673,6.058168919377294,3.3248393507956764
strong_anchor37/capture,held_point,0,differential_y,x,143,20,-0.5106284598463369,-0.23970479076626816,1.3179098730233363,2.042164686980471,3.8164470493697538,1.8372786856311647
strong_anchor37/capture,held_point,0,differential_y,y,143,20,-0.24090944730013414,0.2019807074525488,3.445312203485389,4.1595148361582295,6.944530966572428,3.317192878032749
strong_anchor37/capture,held_point,0,xy,x,143,20,-0.2990177667006807,0.3068452247798632,2.1622079779768684,3.2286158340953555,4.306708806194582,2.3541914170080154
strong_anchor37/capture,held_point,0,xy,y,143,20,-0.3327578120955634,0.22192304490954484,2.547216283678915,2.826775495045814,5.649375819444347,2.717473318182762
strong_anchor37/capture,held_point,1,differential_y,x,143,20,0.2103806550443709,-0.0017122560661846364,2.561272146189708,3.1794038693760243,3.2464676160885917,1.5481631178616422
strong_anchor37/capture,held_point,1,differential_y,y,143,20,-0.4304634948154665,-0.2924504010180726,3.647184086060406,5.097102908530498,6.616051186162431,3.5622066622508375
strong_anchor37/capture,held_point,1,xy,x,143,20,0.12885078259789307,-0.13244361719273456,2.6230717839180664,3.2921259320042,3.3432520599541764,1.5771260539541838
strong_anchor37/capture,held_point,1,xy,y,143,20,-0.8002365366113977,-0.14539718423191061,5.153672187838219,6.025478358488147,10.502406564282847,5.291719282808673
strong_anchor37/capture,held_point,2,differential_y,x,143,20,0.3195878660490104,-0.12232414642005551,3.4994353377214558,3.961817053117966,3.961817053117966,1.7472463536444438
strong_anchor37/capture,held_point,2,differential_y,y,143,20,-0.4724876879686625,0.18581040623985245,3.3029374121095088,4.130131061028256,6.0832417937830545,3.375755999704481
strong_anchor37/capture,held_point,2,xy,x,143,20,0.10905199620092915,-0.3744560280076712,3.688063881508947,4.5283662636399304,4.5283662636399304,2.2369176356437923
strong_anchor37/capture,held_point,2,xy,y,143,20,-0.5383761903769686,0.24943135338799038,2.2396415060222465,2.749988360264076,5.552031025537462,2.870790240625266
strong_anchor37/capture,signed_gaze_deg,-10.0,differential_y,x,87,4,0.13125786295871492,-0.14062235155904546,2.2610183527940557,2.663793142817548,2.8248988439069596,1.4595532773461697
strong_anchor37/capture,signed_gaze_deg,-10.0,differential_y,y,87,4,-0.9983073338308882,1.786283010014813,3.680602197674216,4.416361118876302,8.237934484972135,4.848616541649594
strong_anchor37/capture,signed_gaze_deg,-10.0,xy,x,87,4,0.1756078698062444,0.5404229426921461,3.4522103953128873,4.383774119037992,4.952787965957327,2.504099853912404
strong_anchor37/capture,signed_gaze_deg,-10.0,xy,y,87,4,-1.09839516340994,1.110795707895761,4.1950177224265195,4.891358176395728,11.732777346841674,5.37944062777529
strong_anchor37/capture,signed_gaze_deg,-5.0,differential_y,x,90,4,-0.10907795401941169,-0.2740768158744231,1.7932539389492614,2.1327559488628762,2.4104030170203714,1.2927106461570117
strong_anchor37/capture,signed_gaze_deg,-5.0,differential_y,y,90,4,-0.9889374297393487,-2.0943300853735423,3.377278200106998,3.606234092789958,5.0275686183247865,3.3349630642544783
strong_anchor37/capture,signed_gaze_deg,-5.0,xy,x,90,4,-0.16909829515947888,-0.2775561890299514,1.7412942937935472,2.420804803147922,3.5521425182756494,1.6965663334859686
strong_anchor37/capture,signed_gaze_deg,-5.0,xy,y,90,4,-1.151943428359756,-1.040029030409272,3.2315168495023867,4.9126015620056185,6.48003512917553,3.914065475449945
strong_anchor37/capture,signed_gaze_deg,0.0,differential_y,x,90,4,-0.03290393033406266,-0.23381440217201543,2.235605118263065,3.2289540019389107,3.2581626884192474,1.4962213535569542
strong_anchor37/capture,signed_gaze_deg,0.0,differential_y,y,90,4,-1.1449101786637477,-0.7417815531428005,1.2853084656201208,1.9066851189716763,4.20473003471026,2.834012600447314
strong_anchor37/capture,signed_gaze_deg,0.0,xy,x,90,4,-0.09673019558381636,-0.2183208533767811,2.1992505111703538,2.97711637089414,3.09185585533566,1.5171012736755825
strong_anchor37/capture,signed_gaze_deg,0.0,xy,y,90,4,-1.3287513284007357,-0.7890630177967068,1.4964645583354472,2.308501782851694,5.576549129554336,3.3920809696354164
strong_anchor37/capture,signed_gaze_deg,10.0,differential_y,x,66,4,0.10759112953744568,0.3219629389665215,1.5773108104959874,1.6029358612552755,1.8876614514541075,1.2231480536828514
strong_anchor37/capture,signed_gaze_deg,10.0,differential_y,y,66,4,0.487120133071174,0.14824784901216503,4.580208320317865,4.991794624913126,5.07159283960317,3.135051339238099
strong_anchor37/capture,signed_gaze_deg,10.0,xy,x,66,4,0.03804226412015313,0.06470002639480299,2.8156160910314156,3.719036906465817,3.9398892098798797,1.9961054749325828
strong_anchor37/capture,signed_gaze_deg,10.0,xy,y,66,4,0.07943368173438399,0.4462684488840125,3.7129956691764505,5.667796866811642,6.037970187335276,3.0468300008184834
strong_anchor37/capture,signed_gaze_deg,5.0,differential_y,x,96,4,-0.031004690382703853,0.08471981829245578,3.8853518025159133,4.55225483424266,4.766089373775941,2.5537064547578665
strong_anchor37/capture,signed_gaze_deg,5.0,differential_y,y,96,4,0.8664273324460297,0.7558040436183546,3.4722355105143095,5.443322067213046,5.632384248304362,2.499794822082539
strong_anchor37/capture,signed_gaze_deg,5.0,xy,x,96,4,-0.02712034591815164,0.1170944857366294,3.6812526778763868,4.466531007689326,4.692831899123462,2.4771170861152387
strong_anchor37/capture,signed_gaze_deg,5.0,xy,y,96,4,0.7768155962670598,0.7418966003161529,2.924193333860444,5.312186323750268,5.840989352711972,2.6890602250903566
